id_documento,autor,seccion,paginas,texto_original
1,cepal,gu_tec,1,"Como se desprende del análisis efectuado, en la era exponencial actual, la 
universidad continuará avanzando hacia una creciente apertura, evidenciada 
en cada una de las tres actividades sustantivas tradicionales de esta institución. 
En la docencia, será necesario prestar atención a la renovación 
permanente de los programas y planes de estudio, a los perfiles que 
requerirá el mercado de trabajo en los próximos años, al ritmo de desarrollo 
de las diversas tecnologías y a las ventajas comparativas de cada universidad 
por sus posibilidades de incidir en esos avances y la  incorporación a los 
procesos productivos. Esto puede suponer no solo actualizar los programas 
y crear nuevas carreras o cursos cortos, entre otras cosas, sino también 
disuadir y alentar, según corresponda, la oferta docente.
En la investigación, es importante que la universidad se convierta 
en una atalaya, una torre de vigilancia para observar los avances y las 
innovaciones que se producen en el mundo en las diversas tecnologías de la 
era exponencial (IA, robótica, criptomonedas, Internet de los objetos, ciudades 
inteligentes), a fin de aprovechar los recursos científicos y tecnológicos de que 
disponen los países y, sobre todo, evitar que se ahonde el abismo existente 
respecto de los países líderes en estos avances tecnológicos, lo que podría 
generar una nueva forma de dependencia más perniciosa que la clásica 
“dependencia económica”, tan denostada medio siglo atrás (Oszlak, 2020).
En la extensión, es fundamental que la universidad se coloque a la 
vanguardia en la difusión de estos conocimientos mediante la creación de 
laboratorios de innovación, publicaciones científicas, presentaciones en 
medios de comunicación, asesoramiento a gobiernos, apoyo a la iniciativa 
empresarial, vinculación tecnológica con la industria y otras actividades 
que permitan generar conciencia sobre las grandes transformaciones que 
las tecnologías de la era exponencial producirán en el mundo del trabajo, 
la salud y la vida cotidiana"
2,Violeta_Mendieta,gu_calidad,2,"Desde una perspectiva integral, la ges-tión de la calidad comprende un conjun-to de estrategias (políticas, acciones, yprocedimientos) que apuntan al control,la garantía y la promoción de la calidadde la institución en todos sus niveles paraasegurar una mejora progresiva con mi-ras a la excelencia:  ̈ la excelencia deuna organización depende de su capa-cidad de crecer en la mejora continuade cada uno de los procesos que rigensu actividad diaria  ̈ (Vilca, 2010)La gestión de la calidad es una activi-dad de tipo directivo en varios niveles deuna organización, orientada a lograr demanera sistemática un incremento dela calidad de lo que dicha organizaciónse propone. El mejoramiento continuo esuna incesante búsqueda de problemasy sus soluciones.Las políticas y sistemas educativos debenser objeto de atención, sistematización,razonamiento y de juicios de valoración,tanto de los responsables que los elabo-ran o aplican como de los usuarios; esdecir, de la sociedad que conforma unanación, al mejorar la calidad de vidade las personas a nivel local y regionaly su competitividad a nivel nacional einternacional.La gestión de la calidad se comprendea partir del análisis relacional entre losdistintos factores que componen unainstitución universitaria, considerando suconsistencia externa e interna.La consistencia externa se refiere a aque-lla entre el grupo de referencia institucio-nal, fines y propósitos, disciplinario, profe-sional o tecnológico y las demandas del mercado o laboral, la comunidad acadé-mica y el entorno socioeconómico.La consistencia interna se refiere a la tra-ducción de dichas exigencias en fun-ción de las prioridades y principios dela institución expresada a través de lacoherencia de la misión y visión y la es-tructura académica , organizacional yde gestión administrativa académica yfinanciera.sabilidad de la institución de promovercambios y mejoras en las actividadesacadémicas y de formación profesionalde los estudiantes dentro de los patronesy estándares, tanto de los programasacadémicos como de la institución en suconjunto. En este sentido, la autorregula-ción y la acreditación constituyen me-canismos para evaluar la calidad de lasinstituciones de Educación Superior"
3,cepal,buenas_practicas,1,"La Aprobación de la CIGA2: documento del Centro Latinoamericano de Administración para el 
Desarrollo que brinda de forma sintética un marco de referencia y un lenguaje común sobre el tema, 
presenta una guía con una serie de orientaciones para promover e impulsar los pilares y principios 
descritos del Gobierno Abierto, “en todos los órganos e instituciones del Estado, a fin de procurar un 
enfoque integral y sistémico y contribuir a la configuración de un enfoque de Estado Abierto” 
(CIGA, 2016, pág. 5). 
El nuevo modelo de interacción entre el Estado y la sociedad, que desde hace unos años se ha 
instalado bajo la denominación de Gobierno Abierto bajo la premisa de poner al ciudadano como centro 
de las decisiones gubernamentales, pero además como un actor decisor central en el proceso de diseño 
e implementación de las políticas públicas, responde, desde una visión institucional, a encontrar 
definitivamente el camino hacia la búsqueda del bien común y la preeminencia del interés general en 
los actos de gobierno, sin duda el objetivo central y la razón de existir del Estado y su correlato en la 
gestión pública. 
Así, el Gobierno Abierto (GA), entendido como “aquel (gobierno) que se abre a un proceso 
interactivo con los ciudadanos a través de una relación de doble vía en la que éstos pueden expresar sus 
opiniones sobre políticas o proyectos gubernamentales, coparticipar en la producción de bienes o 
servicios públicos o intervenir activamente en el seguimiento, control y evaluación de la gestión estatal” 
(Oszlak, 2013), se centra en los pilares ya conocidos de: Transparencia, Colaboración y Participación que 
fueron definidos en el memorando del Presidente Barack Obama al asumir su primer gobierno y que 
definitivamente han llegado para transformar el modo de gestionar lo público. 
Tal como reconocen diversos autores, incluido el propio Oszlak, la definición de Gobierno Abierto 
parecería haber quedado acotada únicamente a uno de los poderes del Estado: el Poder Ejecutivo, por lo 
que, en un paso superador y a fin de poder integrar a los demás actores de la vida política y social, se 
considera adecuado adherir al concepto de Estado Abierto, “permitiendo aludir a un fenómeno común: la 
voluntad formalmente expresada por parte de gobiernos, parlamentos, cortes de justicia, organismos de 
control público u otras instituciones estatales o paraestatales, de promover la apertura de sus repositorios 
de datos, el acceso ciudadano a la información, la participación social en la elaboración de políticas, la 
rendición de cuentas y, en general, el control ciudadano de la gestión pública” (Oszlak, 2016). 
Siguiendo esa caracterización mucho más amplia de esta nueva filosofía que parecería regir 
desde hace unos años y para adelante, el accionar y desarrollo de la Administración Pública, resulta 
conveniente identificar que ya no sólo son las reparticiones centrales de los tres poderes del Estado las 
que deben involucrarse en las prácticas de un Estado Abierto, sino que también todas aquellas 
instituciones gubernamentales/estatales o bien paraestatales (las denominadas tradicionalmente ONG 
—organizaciones no gubernamentales— u OSC —organizaciones de la sociedad civil—) que reciben y 
gestionan fondos públicos fundamentalmente o que cuyos fines y objetivos están íntimamente 
relacionados con la gestión y provisión de servicios públicos, misiones compartidas con el Estado o bien 
que tienen alguna relación directa con la gestión pública. 
Es precisamente en esta ampliación de este nuevo paradigma de la gestión pública donde pueden 
ubicarse a las universidades públicas —academia— cuya materia central y fin último de su existencia es 
la educación y la formación superior, pero que en tanto utilizan fondos públicos originarios de los recursos públicos del Estado, son instituciones de gestión estatal y por tanto quedan sujetas, desde una 
visión institucional, a este nuevo paradigma político administrativo. En Argentina, la diferencia entre las 
universidades públicas o privadas está precisamente determinada, fundamentalmente, por el origen de 
su financiamiento, ya sea a partir de los fondos públicos en el caso de las primeras o bien del 
financiamiento dado por el pago de un canon, matrícula y/o cuota, más el aporte de empresas o 
fundaciones que reciben las universidades privadas."
4,ceplan,pensamiento_estrategico,1,"Estudiantes de la Escuela Profesional de Bibliotecología y Ciencias de la Información
de la Universidad Nacional Mayor de San Marcos (UNMSM) participaron en un taller
de Prospectiva organizado por el Centro Nacional de Planeamiento Estratégico
(Ceplan). La actividad se desarrolló en la Facultad de Letras y Ciencias Humanas y
permitió a los participantes explorar herramientas clave del planeamiento estratégico,
así como su impacto en la construcción de escenarios futuros para el desarrollo del
país.El taller estuvo a cargo de Milagros Estrada, analista de Prospectiva Económica del
Ceplan, quien explicó la labor del ente rector de la planificación nacional y cómo el
análisis prospectivo contribuye a construir visiones de futuro que orienten la toma de
decisiones estratégicas. Durante la jornada, los estudiantes exploraron conceptos clave como la identificación
y priorización de tendencias, riesgos y oportunidades, además de la formulación de
escenarios estratégicos que permiten definir rutas hacia un futuro deseado para el
país. Estrada destacó que las tendencias y escenarios se sustentan en evidencia y
análisis rigurosos, fundamentales para una planificación efectiva.También se presentaron herramientas clave como el Plan Estratégico de Desarrollo
Nacional (PEDN) al 2050, el Observatorio Nacional de Prospectiva y la plataforma
Geo Ceplan, espacios que promueven el acceso a información estratégica y
fortalecen la participación informada en el diseño de políticas públicas.El encuentro promovió un diálogo enriquecedor entre los estudiantes y los
especialistas del Ceplan, generando un espacio de reflexión sobre la importancia del
pensamiento prospectivo en diversas disciplinas. Esta iniciativa busca estrechar los
lazos entre la academia y el Estado, fomentando una comunidad académica
comprometida con el desarrollo sostenible y el futuro del país.El Ceplan reafirma así su compromiso con la formación de una ciudadanía más
informada y participativa, promoviendo una cultura de planeamiento estratégico
orientada al bienestar de todos los peruanos.Con actividades como esta, el Ceplan contribuye con la formación de una ciudadanía
más informada y participativa, promoviendo una cultura de planeamiento estratégico
orientada al bienestar de todos los peruanos"
5,unmsm,pei_2023_2027,2,"DECLARACIÓN DE POLÍTICA INSTITUCIONAL2.1. Promover y garantizar la excelencia académicaa) Crear las condiciones necesarias para que los estudiantes desarrollen el
pensamiento crítico que los comprometa con el desarrollo del país.b) Contar con docentes con altas calificaciones y procesos rigurosos de selección,
formación y evaluación de estudiantes.c) Garantizar los mejores profesionales, investigadores y ciudadanos con ética y
valores en el marco de la responsabilidad social. 22. DECLARACIÓN DE POLÍTICA INSTITUCIONAL2.1. Promover y garantizar la excelencia académicaa) Crear las condiciones necesarias para que los estudiantes desarrollen el
pensamiento crítico que los comprometa con el desarrollo del país.b) Contar con docentes con altas calificaciones y procesos rigurosos de selección,
formación y evaluación de estudiantes.c) Garantizar los mejores profesionales, investigadores y ciudadanos con ética y
valores en el marco de la responsabilidad social.2.2. Propiciar e incentivar la investigacióna) Difundir y preservar el conocimiento generado.b) Promover el más amplio acceso de toda la comunidad universitaria al conocimiento
universal.c) Promover el uso e incorporación del conocimiento en sus procesos educativos y
de investigación y la transferencia de sus resultados académicos hacia la
sociedad.2.3. Vincular a la UNMSM con la sociedada) Identificar, priorizar, investigar y proponer soluciones a los problemas que afectan
al colectivo nacional e internacionalb) Orientar a una cultura de respeto a los derechos humanos y la generación de un
desarrollo sostenible, justo y equitativo para todos.2.4. Fortalecer la gestión organizacionala) Propiciar que los procesos se desarrollen de forma eco-eficiente y eficaz para
cubrir las necesidades de las áreas académicas, de investigación y de proyección
social y extensiónb) se integra al gobierno digital en una orientación hacia la calidad y para satisfacer
las necesidades los usuarios3. MISIÓN INSTITUCIONAL“Generar y difundir conocimiento científico, tecnológico y humanístico, formando a nuestrosestudiantes como profesionales e investigadores líderes, con valores y respetuosos de la
diversidad cultural, promotores de la identidad nacional basada en una cultura digital, de calidady responsabilidad.”34. OBJETIVOS ESTRATÉGICOS INSTITUCIONALESEn el marco de las funciones de la Universidad Nacional Mayor de San Marcos, descritas en
su Estatuto y por la Ley Universitaria; se han elaborado 5 grandes objetivos estratégicos
institucionales:Cód. Objetivo Estratégico Institucional IndicadorOEI.01 Mejorar la formación universitaria de losestudiantes.Porcentaje de estudiantes, de los dos últimos años, satisfechoscon el proceso de formación universitaria.OEI.02Fortalecer las actividades de investigación,transferencia tecnológica, emprendimiento,desarrollo, e innovación en pre y posgrado,así como la formación en posgrado.Porcentaje de publicaciones de investigación realizadas enrevistas indexadas.Número de patentes y/o transferencias tecnológicas para losgrupos de interés contribuyentes al desarrollo integral del país.OEI.03 Fomentar la Extensión y proyección socialuniversitaria para la sociedad.Número de participantes de los programas de extensióndesarrollados.Número de beneficiarios de programas de proyección socialdesarrollados.OEI.04 Modernizar la Gestión Institucional. Índice de la implementación de la modernización de la gestiónpública.OEI.05 Implementar la gestión integral de Riesgo deDesastres y Cambio Climático.Número de programas implementados en la Gestión de Riesgode Desastres y adaptación al Cambio Climático.El Objetivo OEI.01, referido al servicio de formación académica que comprende un conjunto de
modelos y sistemas académicos universitarios. Consciente de los cambios en materia
educativa, se propone la tarea de la mejora continua del servicio de formación académica.El Objetivo OEI.02, describe una de las funciones principales de la Universidad, la generación
y actualización del conocimiento; por ello, se prioriza la investigación y su difusión en todos los
niveles.En el Objetivo OEI.03, la Universidad propone replantear su compromiso con el bienestar de la
comunidad sanmarquina, la sociedad en su conjunto y el desarrollo sostenible.El Objetivo OEI.04, se refiere a impulsar la modernización de la gestión institucional en la
Universidad en el marco de la Política Nacional de Modernización de la Gestión Pública.El Objetivo OEI.05; orientado a la implementación de la gestión de riesgos de desastres,
además de la adaptación al cambio climático, para promover el liderazgo nacional e
internacional de la universidad, en dichos campos.45. ACCIONES ESTRATÉGICAS INSTITUCIONALESOEI.01 Mejorar la formación universitaria de los estudiantes.Cód. Acción Estratégica Institucional IndicadorAEI.01.01 Actualización continua para la formación delos estudiantes de la UNMSM. Número de docentes que se actualizan continuamente.AEI.01.02 Planes curriculares actualizados de acuerdo ala normatividad vigente. Porcentaje de planes curriculares actualizados.AEI.01.03Apoyo educacional y servicioscomplementarios para la formación integral delos estudiantes.Porcentaje de estudiantes que cursan los dos últimos años,satisfechos con los servicios educacionales complementarios.Número de estudiantes que utilicen el servicio de tutorías.AEI.01.04Formación académica y profesional de calidadcon acreditación nacional e internacional paralas carreras profesionales y programas deposgrado.Porcentaje de carreras profesionales con acreditación nacional einternacional.Porcentaje de programas de posgrado con acreditación nacional einternacional (maestrías y doctorados).AEI.01.05Servicio de calidad educativa mediante planesde mejora integrados en beneficio de losestudiantes de pre y posgrado.Porcentaje de carreras profesionales con planes de mejoraintegrados en los documentos de gestión aprobados.Porcentaje de programas de posgrado con planes de mejoraintegrados en los documentos de gestión aprobados.AEI.01.06Programas de movilidad nacional einternacional (presencial y virtual)desarrollados para docentes y estudiantes.Tasa de docentes que participan en programas de movilidadnacional o internacional (saliente) por cada 100 docentes.Tasa de estudiantes de pregrado o posgrado que participan enprogramas de movilidad nacional o internacional (saliente) porcada 1000 estudiantes.OEI.02 Fortalecer las actividades de investigación, transferencia te"
6,unmsm,pei_2026_2030,1,". Marco Misional y Alineación Estratégica * **Misión Institucional de la UNMSM:**

&gt; ""Formar profesionales generadores de conocimiento científico, tecnológico y humanístico, impulsando la investigación e innovación en los estudiantes, garantizando una educación de calidad, inclusiva, intercultural y equitativa, y que promueve el empoderamiento de la comunidad universitaria, con un alto sentido de responsabilidad social que contribuya al desarrollo sostenible del país""[2][3].

* **Alineación con la Agenda Global y Nacional:**

&gt; El Plan Estratégico Institucional 2026-2030 traza el rumbo de la universidad asegurando su alineación con el Modelo Educativo, los Objetivos de Desarrollo Sostenible (ODS) y la Agenda 2030, las Políticas Nacionales y el Plan Estratégico de Desarrollo Nacional al 2050 (PEDN 2050), considerando las tendencias globales respecto a educación superior, ciencia, tecnología y bienestar universitario[4].

---

### 2\. Visión Prospectiva y Escenarios de Gobernanza al 2030

* **Situación Futura Deseada (Visión 2030):**

&gt; En el año 2030, la Universidad Nacional Mayor de San Marcos se posicionará como una universidad líder en investigación científica a nivel nacional, consolidando su compromiso con la excelencia y calidad académica, científica, tecnológica y humanista[5][6]. La aplicación de las innovaciones tecnológicas y la transformación digital en la educación universitaria se orienta con criterios de inclusión, equidad e interculturalidad[5][6].

* **Escenario 1: Avance en Innovación Tecnológica:**

&gt; La universidad lidera la transformación de la educación e investigación mediante el uso de inteligencia artificial (IA), blockchain y tecnologías digitales para mejorar la enseñanza, la gestión del conocimiento y la creación de nuevos entornos pedagógicos a distancia[7][8].

* **Escenario 2: Gobernanza Educativa y Digitalización:**

&gt; La universidad prioriza la eficiencia administrativa, la digitalización de procesos, la estandarización de datos públicos para la toma de decisiones y el fortalecimiento del liderazgo institucional para garantizar una educación superior competitiva y sostenible[9].

---

### 3\. Matriz de Objetivos Estratégicos Institucionales (OEI)

* **OEI.01: Formación Integral de Calidad**

&gt; **""Garantizar la calidad de la formación integral de los estudiantes""**[12]. Este objetivo aborda la actualización continua de los planes curriculares de pregrado y posgrado de acuerdo con la normatividad vigente, el fortalecimiento de la movilidad universitaria y la incorporación de metodologías pedagógicas apoyadas en tecnologías educativas y disruptivas[14].

* **OEI.02: Investigación, Innovación y Transferencia Tecnológica**

&gt; **""Fortalecer la investigación científica, innovación, desarrollo, transferencia tecnológica y emprendimiento en la universidad""**[12]. Se centra en incrementar la producción científica en revistas indexadas, promover la transferencia tecnológica hacia la sociedad, implementar un Modelo de Integridad Científica y fortalecer las capacidades de investigación en tecnologías disruptivas como la IA y el blockchain[18].

* **OEI.03: Responsabilidad Social Universitaria (RSU)**

&gt; **""Fortalecer la responsabilidad social en beneficio de la sociedad""**[21]. Orienta la labor académica hacia la transformación social mediante la aplicación de la metodología de *""aprendizaje-servicio solidario""*, la implementación del programa *""Universidad saludable""* y el desarrollo de acciones de sostenibilidad ambiental alineadas con el bienestar colectivo y el desarrollo sostenible[21].

* **OEI.04: Modernización de la Gestión Interna y Gobierno Digital**

&gt; **""Modernizar la gestión interna""**[25]. Busca elevar la satisfacción de la comunidad universitaria con la administración pública interna mediante la simplificación administrativa, la gestión por procesos, la optimización de la infraestructura y la implementación del Gobierno Digital incorporando proyectos de transformación digital con inteligencia artificial[25].

* **OEI.05: Gestión del Riesgo y Resiliencia**

&gt; **""Implementar la gestión integral de Riesgo de Desastres y Cambio Climático""**[3][30]. Orientado a garantizar la seguridad, resiliencia infraestructural y adaptación climática de los campus universitarios frente a escenarios de riesgo nacional[3].

---

### 4\. Transformación Digital, Datos y Modernización Pública

* **Gobernanza Digital y Datos Abiertos:**

&gt; En consonancia con la Política Nacional de Modernización de la Gestión Pública al 2030, la UNMSM incorpora proyectos de transformación digital orientados a la automatización de procesos, la ciberseguridad, el uso ético de la inteligencia artificial y la estandarización de datos para la mejora continua del soporte administrativo a las funciones misionales académicas y de investigación"
7,academicos,gestion_proyectos,2,"La necesidad de establecer una cultura de paz en las sociedades de América Latina es undesafío a la educación por la paz (Cerdas-Agüero, 2015). Este tipo de educación demanda deuna gestión universitaria que contribuya a la transformación de una serie de factores sociales através de la paz y respecto a la dignidad humana y, al mismo tiempo, estas características sonmuy influenciadas por los factores sociales.En los intercambios bilaterales entre la Unión Europea (UE) y la Comunidad de EstadosLatinoamericanos y Caribeños (CELAC) un punto es la educación superior, orientadoprincipalmente al acceso equitativo para una enseñanza de calidad, a facilitar el conocimiento yla transferencia de tecnología y la movilidad de estudiantes, personal investigador y experto, loque permite trabajar por una seguridad ciudadana en nuestras regiones. Para el cumplimientode estos, se plantea un grupo de acciones concebidas en un plan debatido en la II Cumbre UE yCELAC, celebrada en Bruselas, Bélgica, en los días 10 y 11 de junio del 2015.En el contexto latinoamericano se evidencia la importancia de fortalecer los resultados dela educación superior como vía para construir una sociedad más equitativa, profundizando enla innovación a partir de la gestión del conocimiento.En países de Latinoamérica, citando a Weise (2010):Se marca un alto a las políticas neoliberales a nivel del Estado y también a nivel de laEducación Superior. Este proceso de decadencia de las políticas neoliberales, señala unaetapa de reconfiguración de las relaciones Universidad-Estado, y agudiza la necesidad decambio de las universidades públicas, aunque sin un horizonte muy definido. (p. 49) En otro orden y según Agencia Pública de Noticias del Ecuador y Suramérica, Andes(2015): “La educación superior como el desarrollo científico ha sido una preocupación centralpara el Gobierno” (Párr. 10) y “solo la difusión de conocimiento garantiza la equidad entre lassociedades. Vamos a construir un ecosistema social, para el desarrollo del conocimiento y de latecnología” (Párr. 11).Por otro lado, se observa que “la educación superior desde el presente [se encuentraafectada] por las profundas transformaciones del capitalismo global, otros actores, otrasmisiones y sobre todo una nueva relación entre el conocimiento y los usuarios, se presentancomo nuevo escenario para los especialistas y actores de la Educación Superior” (Mollis,2010, p. 11).Al mismo tiempo se plantea que la visión de lo que debe ser la educación superiornace desde los grandes conglomerados europeos e internacionales y esto no hace que lospaíses latinoamericanos tengan la misma igualdad de condiciones para implementar lasnuevas exigencias o retos de la educación superior. Las universidades latinoamericanasrequieren de una profunda reforma que las libere de las largas y dañinas secuelas que dejóla importación de modelos europeos (Aboites, 2010). Con estas exigencias se realizan losesfuerzos para lograr un mayor desempeño en la eficiencia y eficacia de la gestión de lasprincipales actividades de la universidad.Cuando se plantea una mayor eficiencia y eficacia de la gestión universitaria, se busca,sin duda, realizar una mejor administración de los recursos para el cumplimiento de losobjetivos con un mayor alcance. En el campo de la gestión de empresas se ha evidenciado,desde las décadas de los 80 y los 90 del siglo pasado, que una manera de lograr este tipo deresultados es desarrollando un enfoque de gestión basado en procesos (Rummler y Brache,1995). Esto se evidencia a partir de las diferentes normas ISO 9000 desarrolladas desde elaño 1994 y actualizadas sistemáticamente hasta el presente. Sin embargo, posteriormente sepresenta otro enfoque de gestión, en este caso, basado en proyectos que permiten realizarun grupo de actividades para alcanzar un objetivo final (Morris, 2002; Winter, Smith, Morris yCicmil, 2006), en este sentido coincide con la gestión por proceso pero la diferencia principalrecae en que la gestión por proyecto tiene un inicio y final del proyecto y la gestión porproceso considera que los procesos se mantienen siempre en la entidades. Estos enfoques degestión no han tenido una amplia aplicación en la gestión de entidades no empresariales y,principalmente, en la gestión universitaria.En el caso de la universidad se evidencian tres procesos fundamentales o claves: laformación del profesional, la investigación y la extensión universitaria (Alonso-Becerra et al.,2013), aunque estos mismos son nombrados de diferentes formas, según el país y la región. Sin embargo, de los tres procesos, la investigación en las universidades se ha planteado que debe este enfoque a los sistemas de dirección de las universidades en busca de alcanzar mayoresresultados Cejas y Alfonso-Robaina (2013).Por un lado, se tiene que en el contexto latinoamericano se necesitan universidadesorientadas al desarrollo local con un mayor impacto en la sociedad y en el desarrolloeconómico social de su nación, que profundicen en la formación de una ciudadanía orientadaa la solución de problemas de su sociedad, con el dominio de las herramientas y conocimientosespecíficos de su profesión y que fortalezcan la preparación del talento humano con una altaresponsabilidad social. Por lo que resulta necesario analizar las variables que contribuyena lograr estos objetivos y perfeccionar la gestión universitaria. Se reconoce el éxito de losenfoques de gestión basados por proyecto y por proceso en el ambiente empresarial; pero noprecisan de amplias aplicaciones en la gestión universitaria, aunque existe experiencia en laaplicación del enfoque de procesos en este (Alonso-Becerra et al., 2013), por tanto, se precisacrear marcos de trabajo que contribuyan a integrar los enfoques por proyecto y por procesosen la gestión universitaria."
8,unam,gobernabilidad_universitaria,3,"### 1\. Marco Conceptual: La Universidad como Arena Política y la Gobernabilidad * **La Universidad como espacio de disputa:** Las universidades públicas autónomas se conciben como ""arenas políticas"" o ""canchas"" donde coexisten e interaccionan proyectos, racionalidades científicas, orientaciones ideológicas e intereses académicos y gremiales contrapuestos[5].
* **Definición de Gobernabilidad Universitaria:** Se define como la capacidad institucional de la universidad para procesar y responder a las demandas internas (estudiantes, profesores, administrativos) y externas (gobierno, órganos legislativos, sociedad) mediante mecanismos institucionales legítimos de negociación, generación de acuerdos y resolución de conflictos[6].
* **Gradaciones y paradojas de la estabilidad:** La gobernabilidad es una cuestión de grados[10][11]. El autor advierte que la gobernabilidad no equivale a la ausencia total de tensión o a un estado de ""apoliticidad idílica"", pues el libre examen de las ideas produce tensión de manera natural[7][11]. Una búsqueda obsesiva de estabilidad puede derivar en ""parálisis institucional"" o ""irreformabilidad"" mediante mecanismos autoritarios o un democratismo sobreideologizado[11].
* **Matriz de los cuatro factores explicativos:** Para superar explicaciones mecanicistas o deterministas, el capítulo propone explicar la gobernabilidad cruzando dos ejes: **cancha externa vs. cancha interna** y **estructuras formales vs. estructuras informales**[3]:
  1. *Factor Formal Externo* (Marco jurídico y políticas públicas)[4][13]
  2. *Factor Informal Externo* (Relaciones entre élites políticas y universitarias, cabildeo)[4][14]
  3. *Factor Formal Interno* (Normatividad, órganos de gobierno, reglas de acceso al poder)[4][15]
  4. *Factor Informal Interno* (Cultura política, capital epistémico, redes e intereses en el campus)[4]

---

### 2\. La Cancha Externa: Estructuras Formales e Informales (Secciones 2.2 y 2.3)

#### A. El Factor Formal Externo: Marco Jurídico y Financiamiento

* **Fronteras Jurídicas de la Autonomía:** El sustento formal radica en la Fracción VII del Artículo 3° de la Constitución Mexicana[18]. Otorga a las universidades públicas la facultad de autogobierno (nombrar autoridades y darse su propia norma), autorregulación académica (planes de estudio, ingreso y permanencia docente) y autogestión patrimonial[18][19].
* **Límites Jurisdiccionales (SCJN):** La autonomía no es extraterritorialidad ni soberanía absoluta frente al Estado[20]. La Suprema Corte de Justicia de la Nación ha determinado que la capacidad de decisión universitaria está supeditada al orden constitucional, los derechos humanos y las garantías individuales[20][21].
* **Zanahoria y Garrote (Políticas hegemónicas de financiamiento):** A partir de las décadas de 1980 y 1990, el Estado sustituyó la expansión por políticas de evaluación, acreditación y subsidio extraordinario competitivo (برogramas como FOMES, PIFI, PROMEP/PRODEP, SNI, COPAES y CIEES)[22]. Este ""timoneo a distancia"" introdujo incentivos económicos por méritos y productividad que, paradójicamente, profundizaron el control estatal centralizado y ampliaron las brechas de desigualdad e inestabilidad entre las universidades[25].

#### B. El Factor Informal Externo: Élites, Alternancia y Cabildeo

* **Impacto de la Alternancia y Gobiernos Divididos:** La democratización electoral y el fin del sistema unipartidista diversificaron la interlocución de las universidades con los gobiernos federales y locales[28].
* **Reintervención y Reacomodo de Élites:** Durante las crisis universitarias de los años 90 (casos como Sonora, Guadalajara o la BUAP), las políticas de ""modernización"" sirvieron como canal de intervención para que las autoridades gubernamentales recompusieran las coaliciones e influyeran en los reacomodos de poder de las élites universitarias[31].
* **Cabildeo Presupuestal:** Las relaciones de las universidades con el Congreso implican un activo cabildeo informal (liderado frecuentemente por la ANUIES, rectores y sindicatos) para la obtención de ampliaciones presupuestales fuera de la propuesta del Ejecutivo[15].

---

### 3\. La Cancha Interna: Estructuras Formales e Informales (Sección 2.4)

#### A. El Factor Formal Interno: Modelos de Gobierno y Elección de Rector

* **Estructuras de Autoridad:** Conviven dos tipos de autoridades: las *unipersonales* (Rector, Directores) con atribuciones directivas y ejecutivas, y las *colegiadas* (Consejo Universitario, Consejos Técnicos) compuestas de forma representativa por profesores, estudiantes y administrativos[36][37].
* **Mecanismos de Elección del Rector:** El autor clasifica las formas de acceso a la rectoría en las universidades públicas autónomas mexicanas en tres variantes principales[38]:
  1. *Junta de Gobierno / Junta Directiva:* Colegior reducido de notables (36% de las universidades, 13 IES); resulta ser el mecanismo formalmente más estable y menos propenso al conflicto abierto[38].
  2. *Consejo Universitario:* Elección por el máximo órgano colegiado (50% de las universidades, 18 IES); requiere la articulación de mayorías entre consejeros paritarios o no paritarios[38][41].
  3. *Votación Universal y Directa:* Elección por voto abierto de la comunidad (14% de las universidades, 5 IES); genera altos incentivos para la polarización, hiperpolitización y judicialización del proceso[38].

#### B. El Factor Informal Interno: Capital Epistémico, Redes y Cultura Política

* **Conocimiento como Patrimonio Epistémico:** Siguiendo a Burton Clark y Pierre Bourdieu, la universidad se organiza en torno a disciplinas[44][45]. La producción de conocimiento otorga un ""capital académico"" que los actores convierten en capital político, burocrático o económico para disputar las posiciones de poder interno[46].
* **Funciones Latentes de los Órganos Colegiados:** Apoyándose en Merton y Birnbaum, el texto resalta que los Consejos Universitarios no solo cumplen funciones legislativas formales, sino ""funciones latentes"": sirven como dadores de estatus, pasatiempos, ""botes de basura"" para posponer problemas complejos, o válvulas de descompresión institucional[49].
* **Cultura Política y Desinterés Participativo:** Pese a la retórica democrática del ""autogobierno"", en la práctica cotidiana existe una abstención masiva y desinterés por parte de académicos y estudiantes en las elecciones formales de consejeros[52]. La política continua del campus termina siendo conducida de forma permanente por grupos y redes altamente organizados[56][57].

---

### 4\. Las Reglas del Juego Político en la UACM (Sección 2.5)

El capítulo concluye analizando cómo los cuatro factores se condensan en la trayectoria institucional de la Universidad Autónoma de la Ciudad de México (UACM) entre 2005 y 2010[58][59]:

* **Singularidad Jurídica de la UACM:** A diferencia de las demás universidades autónomas del país, la Ley de la UACM (2005) no es una ""Ley Orgánica"" tradicional[60][61]. La Ley delegó de forma inédita en la propia comunidad (a través de un Primer Consejo Universitario Constituyente) la facultad de diseñar su estructura de gobierno interna sin pasar por el Congreso local (ALDF)[62][63].
* **El Estatuto General Orgánico (EGO) de 2010:** Aprobado tras un lento proceso de transición, el EGO fijó un diseño institucional inspirado en una ""democracia radical/horizontal""[64][65]:
  * Un **Consejo Universitario paritario** (mismo número de profesores y estudiantes por colegio y plantel) como máxima autoridad decisoria[66].
  * Una **Rectoría acotada**: la figura de Rector carece de derecho a veto, representa solo un voto en el pleno del Consejo y requiere dos tercios de votación para ser electo[67].
  * El Consejo Universitario retuvo el nombramiento directo de cargos estratégicos (Abogado General, Tesorero, Contralor)[67].
* **""Democracia Discursiva"" y Lentitud Decisora:** La falta de un Estatuto del Personal Académico y de reglamentaciones secundarias claras generó un vacío normativo[68][69]. Esta debilidad institucional y la sobreideologización de los órganos colegiados derivaron en una gran lentitud decisoria, incapacidad para procesar el conflicto y fragilidad de la gobernabilidad, sentando las bases del colapso institucional que estallaría en la crisis de 2012–2013[65]"
9,british_council,sistema_peruano,3,"## 1\. Marco Institucional e Histórico (Sección I.1) El marco legal e institucional de la educación superior universitaria en el Perú atravesó transformaciones decisivas a lo largo de tres décadas, dando origen a la coexistencia de tres tipos de gestión: **públicas, privadas sin fines de lucro y privadas con fines de lucro**[8][9].

* **Ley Universitaria Ley N.° 23733 (1983):** Reguló la educación superior durante más de tres décadas bajo el principio irrestricto de la **autonomía universitaria** (académica, normativa, administrativa y económica)[8][10]. Disponía que las universidades públicas y privadas sin fines de lucro solo podían crearse, fusionarse o suprimirse por ley del Congreso y prohibía la apertura de filiales o anexos[8].
* **La Asamblea Nacional de Rectores (ANR):** Creada por la Ley N.° 23733 como un organismo público y autónomo integrado por los propios rectores, tuvo a su cargo la coordinación y evaluación de las universidades[10]. Sin embargo, al estar constituida por las mismas autoridades que debía fiscalizar, el sistema operó bajo un esquema de **autoregulación sin contrapesos externos**[6].
* **El Consejo Nacional para la Autorización de Funcionamiento de Universidades (CONAFU, 1995):** Se constituyó mediante la Ley N.° 26439 como un órgano de la ANR para evaluar y otorgar autorizaciones provisionales y definitivas de funcionamiento a nuevas universidades tras verificar condiciones básicas iniciales[10].
* **Decreto Legislativo N.° 882 - Ley para Promover la Inversión en la Educación (1996):** Marcó un hito al permitir que personas naturales o jurídicas organizaran **universidades privadas con fines de lucro** y repartieran utilidades entre sus inversionistas[9]. Para compensar el pago del impuesto a la renta, introdujo un **crédito tributario del 30% por reinversión** en infraestructura, equipamiento o becas[14]. Esta desregulación facilitó una rápida expansión de la oferta privada[15].
* **Pronunciamiento del Tribunal Constitucional (2008):** Tras evaluar demandas de inconstitucionalidad, el Tribunal Constitucional concluyó que la ANR y el CONAFU incurrieron en un abuso de derecho y una ""aplicación mecánica y reglamentista"" de la norma[15][16]. Declaró oficialmente un **""estado de cosas inconstitucional de carácter estructural""** en el sistema universitario, exigiendo al Estado asumir un rol activo de supervisión y reforma[11][17].
* **SINEACE y CONEAU (Ley N.° 28740, 2006):** Diseñado para establecer procesos de acreditación, el sistema se enfocó excesivamente en trámites documentales y prescriptivos centrados en procesos más que en resultados[18][19]. Hacia 2014, solo un porcentaje reducido de carreras e instituciones había logrado acreditarse[20][21].

---

## 2\. Evolución de la Demanda por Educación Superior (Sección I.2)

Durante la década previa a la reforma, el crecimiento económico, la estabilidad macroeconómica, el cambio demográfico y la expansión de la clase media impulsaron fuertemente la demanda por estudios universitarios[5][21].

* **Incremento de postulantes:** Entre 2004 y 2014, el número total de postulantes a universidades creció casi un **60%**, pasando de 391 mil a más de **615 mil jóvenes anuales**[5][22].
* **Inclinación hacia el sector privado:** Aunque las universidades públicas mantuvieron una alta demanda en términos absolutos, el crecimiento de los postulantes se dirigió principalmente hacia la oferta privada, la cual explicó el **70% del incremento total de la demanda**[5][22].
* **Concentración profesional:** La demanda se mantuvo altamente sesgada hacia un grupo reducido de carreras tradicionales[21]. Hacia 2010, diez carreras concentraban a la mayoría de estudiantes, lideradas por **Administración de Empresas (15%), Derecho (15%), Contabilidad (15%), Ingeniería de Sistemas (10%), Educación (9%), Ingeniería Civil (8%) y Medicina (8%)**[23].

---

## 3\. Evolución de la Oferta Universitaria (Sección I.3)

La oferta educativa respondió a la creciente demanda de manera acelerada pero desequilibrada, sustentada casi exclusivamente en la inversión privada[5].

* **Explosión en el número de universidades:** Entre 2005 y 2015 se crearon **58 nuevas universidades**, alcanzando un total nacional de **142 universidades**[23]. De las 58 instituciones creadas en dicho periodo, el **72% (42 universidades) fueron privadas**, mientras que solo se crearon 16 públicas[23]. Hacia el 2014, existían 91 universidades privadas y 51 públicas[23][25].
* **Desplazamiento del protagonismo institucional:** Antes de 1990, las universidades públicas (como la UNMSM y la Universidad Nacional de Trujillo) albergaban a la mayoría de matriculados[26]. A partir de las facilidades del DL 882, consorcios y universidades privadas con fines de lucro capturaron la mayor parte del alumnado; en 2015, cinco universidades privadas concentraban por sí solas al **25% de la población universitaria nacional**[9][26].
* **Estancamiento y problemas en la oferta pública:** La baja expansión pública se debió al bajo nivel de financiamiento estatal presupuestado y a **severas deficiencias en la capacidad de ejecución del gasto** por parte de las propias universidades públicas (que ejecutaban en promedio entre el 68% y 76% de sus presupuestos institucionales)[27][28].
* **Distribución geográfica:** Aunque el 60% de las universidades se ubicaba en provincias, se mantuvo una alta centralización regional: la región **Lima concentraba el 40% de todas las universidades del país**, seguida por Junín (6%), La Libertad (6%), Arequipa (5%), Cusco (4%) y Lambayeque (4%)[28].

---

## 4\. Resultados en Términos de Acceso e Inclusión (Sección I.4)

El aumento de la oferta se tradujo en una mayor absorción de estudiantes, aunque con fuertes heterogeneidades socioeconómicas y cualitativas[5].

* **Duplicación de ingresantes:** El número de ingresantes universitarios se duplicó en una década, pasando de **132 mil en el año 2004 a casi 270 mil en el 2014**[29][30].
* **Evolución de las tasas de admisión:** Mientras que en las universidades públicas la Selectividad se mantuvo rígida (ingresando solo cerca del **20% de postulantes**), en las universidades privadas la tasa de ingreso pasó de 41% en 1990 al **74% en 2014**[30].
* **Surgimiento de universidades de bajo costo:** El acceso masivo de jóvenes de sectores socioeconómicos C, D y E fue absorbido principalmente por universidades privadas de precios bajos, muchas de las cuales funcionaban con estándares de calidad cuestionables o sin infraestructura básica (""fábricas de títulos"")[29][31].
* **Política estatal de becas:** A partir del año 2011, la política pública dio un giro con la creación del PRONABEC y el programa **Beca 18**, pasando de un rol canalizador de cooperación internacional a subsidiar directamente la pensión y manutención de estudiantes de escasos recursos en instituciones de educación superior[32][33].

---

## 5\. Resultados en Términos de Calidad (Sección I.5)

El estudio evalúa la baja calidad del sistema universitario previo al 2014 analizando dos dimensiones: los insumos del proceso formativo y los resultados de impacto en el mercado laboral y la investigación[34].

### A. Deficiencias en los Insumos Educativos

* **Plana docente:** Escaso porcentaje de profesores con grado académico de maestría o doctorado y baja proporción de docentes contratados a tiempo completo o dedicación exclusiva[35][36].
* **Infraestructura y equipamiento:** En 2014, un porcentaje considerable de universidades públicas y privadas registraba serias carencias en **aulas, salas de estudio, talleres, laboratorios de ciencia y bibliotecas**[37]. Además, más del **70% de universidades no contaba con entornos o aulas virtuales** organizadas[37].
* **Bajo nivel de competencias de los ingresantes:** La calidad de la educación superior estuvo condicionada por el deficiente nivel formativo de la educación básica escolar, reflejado en la prueba **PISA 2012**, donde el Perú ocupó el último lugar entre 65 países evaluados en lectura, matemáticas y ciencias[37].

### B. Deficiencias en los Resultados e Impacto

* **Insatisfacción de los egresados:** Encuestas oficiales revelaron que el **25% de los egresados elegiría estudiar en una universidad distinta**, el 44% no recomendaría su casa de estudios y el 48% expresaba insatisfacción con la infraestructura recibida[22].
* **Subempleo y precarización laboral:** Alrededor del **30% de los egresados universitarios trabajaba en el sector informal** y cerca del **40% padecía de subempleo profesional** (desempeñando labores que no requerían formación universitaria)[38].
* **Dispersión salarial:** El 14% de los graduados universitarios percibía un ingreso inferior al Salario Mínimo Vital, mientras que el 20% mejor remunerado promediaba ingresos de S/ 5,920 mensuales[38].
* **Baja producción científica e investigación:** Cerca del **30% de las universidades carecía por completo de centros o institutos de investigación**[38]. Menos de la mitad de los docentes declaraba haber investigado en los últimos dos años y solo el 62% de ellos logró publicar en revistas indexadas[38]. En el *Índice de Competitividad Global* del Foro Económico Mundial, el Perú se situó en el **puesto 82 de 140 países** en el pilar de educación superior y capacitación[39]"
10,minedu,ley_universitaria,5,"MARCO ## GENERAL, DEFINICIÓN Y PRINCIPIOS DE LA UNIVERSIDAD (CAPÍTULO I)

### A. Objeto y Ámbito de Aplicación

* **Objeto de la Ley:** La Ley N.° 30220 norma la creación, funcionamiento, supervisión y cierre de las universidades en el territorio nacional[1]. Su fin primordial es promover el mejoramiento continuo de la calidad educativa como factor clave para el desarrollo nacional, la investigación y la cultura[1].
* **Rol del Estado:** Establece de manera explícita que el **Ministerio de Educación (MINEDU)** es el ente rector de la política de aseguramiento de la calidad de la educación superior universitaria[1].
* **Ámbito de Aplicación:** Regula a todas las universidades del país, bajo cualquier modalidad (presencial o a distancia), sean públicas o privadas, nacionales o extranjeras que operen en el Perú[2].

### B. Definición de Universidad y Autonomía

* **Naturaleza Jurídica:** La universidad se define como una comunidad académica orientada a la investigación y a la docencia, que imparte formación humanista, científica y tecnológica con conciencia de la realidad multicultural del país[2]. Asume la educación superior como un **derecho fundamental y un servicio público esencial**[2].
* **Tipología Institucional:** Se clasifican en **públicas** (personas jurídicas de derecho público) y **privadas** (personas jurídicas de derecho privado)[2][3].
* **Dimensiones de la Autonomía Universitaria:** El Estado reconoce la autonomía institucional, la cual se ejerce en cinco regímenes específicos[4][5]:
  1. *Normativo:* Facultad para crear su propio Estatuto y reglamentos internos[5].
  2. *De Gobierno:* Capacidad para estructurar, organizar y conducir la institución[5].
  3. *Académico:* Potestad para fijar planes de estudio, programas de investigación y regímenes de ingreso/egreso[5].
  4. *Administrativo:* Facultad para establecer la estructura organizativa y el escalafón del personal docente y administrativo[5].
  5. *Económico:* Libertad para administrar su patrimonio y fijar criterios de generación y gasto de recursos[5].
* **Garantías e Inviolabilidad del Campus:** Los locales universitarios son inviolables y se destinan exclusivamente a sus fines[6]. La Policía Nacional y el Ministerio Público solo pueden ingresar por mandato judicial o a petición expresa del Rector (dando cuenta al Consejo Universitario), salvo en estados de emergencia, delito flagrante o peligro inminente[6].

### C. Principios, Fines y Transparencia

* **Principios Rectores:** La ley se rige por 17 principios fundamentales, entre los que destacan: búsqueda y difusión de la verdad, calidad académica, autonomía, libertad de cátedra, espíritu crítico e investigador, democracia institucional, meritocracia, pluralismo, transparencia, ética pública y rechazo a toda forma de violencia o discriminación[3][7].
* **Obligación de Transparencia:** Todas las universidades públicas y privadas deben publicar de forma permanente y actualizada en sus portales web institucionales[8]:
  * Estatuto, TUPA, Plan Estratégico Institucional (PEI) y reglamentos[8].
  * Actas aprobadas de la Asamblea Universitaria, Consejo Universitario y Consejos de Facultad[8].
  * Estados financieros, ejecución presupuestal y balances[8].
  * Relación de becas, inversiones, reinversiones y costos exigidos a los estudiantes[8].
  * Proyectos de investigación, nómina docente (con categoría y hoja de vida) y estadísticas de postulantes, ingresantes, matriculados y egresados[8].
  * Remuneraciones y bonificaciones pagadas a autoridades y docentes[5][8].

---

## 2\. EL NUEVO ARREGLO INSTITUCIONAL: LA SUNEDU (CAPÍTULO II)

### A. Creación y Finalidad

* **Naturaleza Orgánica:** Se crea la **Superintendencia Nacional de Educación Superior Universitaria (SUNEDU)** como un Organismo Público Técnico Especializado adscrito al MINEDU, con autonomía técnica, funcional, económica, presupuestal y administrativa[5].
* **Finalidad Central:** Es la entidad responsable del **licenciamiento** del servicio educativo superior universitario (verificación del cumplimiento de Condiciones Básicas de Calidad - CBC para autorizar el funcionamiento)[9]. Asimismo, supervisa la calidad del servicio educativo y fiscaliza que los recursos públicos y beneficios tributarios otorgados a las universidades se destinen exclusivamente a fines educativos[9].
* **Vigencia de la Licencia:** La autorización otorgada por la SUNEDU es temporal y renovable, con una vigencia mínima de **6 años**[10].

### B. Funciones Clave de la SUNEDU

* Aprobar o denegar solicitudes de licenciamiento para universidades, filiales, facultades y programas académicos[11].
* Normar y revisar periódicamente las Condiciones Básicas de Calidad (CBC)[11].
* Administrar el **Registro Nacional de Grados y Títulos**[11].
* Fiscalizar el destino de los recursos públicos, excedentes y beneficios tributarios[11].
* Ejercer potestad sancionadora e imponer sanciones administrativas ante infracciones[11].
* Publicar un informe anual sobre el uso de beneficios otorgados y un **informe bienal sobre la realidad universitaria** (que incluye rankings universitarios y producción científica indexada)[12].

### C. Estructura de Gobierno de la SUNEDU

* **Consejo Directivo:** Es el órgano máximo de decisión. Se compone por 7 miembros[13]:
  * El Superintendente de la SUNEDU (quien lo preside)[13].
  * Un representante de CONCYTEC[13].
  * Cinco miembros seleccionados mediante concurso público (dos docentes de universidades públicas, uno de universidad privada y dos personalidades de reconocida trayectoria)[13].
* **Garantías de Independencia:** No pueden integrar el Consejo Directivo quienes sean accionistas, promotores, directores o apoderados de universidades o empresas vinculadas en los últimos tres años[14].
* **El Superintendente:** Máxima autoridad ejecutiva y titular del pliego presupuestal, designado por Resolución Suprema a propuesta del Ministro de Educación por un periodo de 3 años[15]. Requiere el grado académico de Doctor (estudios presenciales) y experiencia de gestión[15].

### D. Régimen Sancionador y Laboral

* **Clasificación de Infracciones:** Las faltas a las normas de licenciamiento, uso de recursos o CBC se clasifican en *leves, graves y muy graves*[16].
* **Sanciones:** Varían desde multas (leves y graves) hasta la suspensión o cancelación definitiva de la licencia de funcionamiento (muy graves)[16].
* **Régimen Laboral:** El personal de la SUNEDU se rige por la Ley del Servicio Civil (Ley 30057)[17].

---

## 3\. CREACIÓN, LICENCIAMIENTO Y ACREDITACIÓN (CAPÍTULOS III Y IV)

### A. Creación y Licenciamiento Institucional

* **Procedimiento de Creación:** Las universidades públicas se crean únicamente mediante ley (requiriendo opinión previa favorable del MEF) y las privadas se constituyen por iniciativa de sus promotores[18].
* **Requisitos Sustantivos de Creación:** Deben demostrar pertinencia con las políticas nacionales/regionales, vinculación con la demanda laboral y sostenibilidad financiera[18][19].
* **Condiciones Básicas de Calidad (CBC) requeridas para el Licenciamiento:**
  1. Objetivos académicos, grados, títulos y planes de estudio[20].
  2. Previsión económica y financiera garantizada[20].
  3. Infraestructura y equipamiento adecuados (laboratorios, bibliotecas)[20].
  4. Líneas de investigación institucionales a desarrollar[20].
  5. Disponibilidad de personal docente calificado, con **no menos del 25% a tiempo completo**[20].
  6. Servicios educacionales complementarios (salud, psicopedagógico, deportes, cultura)[21].
  7. Mecanismos de mediación e inserción laboral (bolsas de trabajo, seguimiento al egresado)[21].
* **Comisión Organizadora:** En universidades públicas recién creadas, el MINEDU designa una Comisión Organizadora integrada por 3 académicos de prestigio para conducir la institución hasta la elección de sus autoridades definitivas[21][22].

### B. Evaluación, Acreditación y Reorganización del SINEACE

* **Voluntariedad:** La acreditación de la calidad es de carácter **voluntario**, salvo para carreras donde la ley exija obligatoriedad explícita (como Medicina o Educación)[23].
* **Incentivos:** El otorgamiento de créditos tributarios por reinversión y otros beneficios estatales se supedita al cumplimiento de los procesos de acreditación[24].
* **Reorganización:** La Ley declara en reorganización el Sistema Nacional de Evaluación, Acreditación y Certificación de la Calidad Educativa (SINEACE)[25].

---

## 4\. ORGANIZACIÓN ACADÉMICA E INVESTIGACIÓN (CAPÍTULOS V Y VI)

### A. Régimen Académico

* **Estructura Interna:** Las universidades organizan su régimen académico por **Facultades**, las cuales comprenden[24][26]:
  * Departamentos Académicos (unidades de servicio que reúnen a docentes de disciplinas afines)[26][27].
  * Escuelas Profesionales (encargadas del diseño e impartición de carreras)[26].
  * Unidades de Investigación[26].
  * Unidades de Posgrado / Escuela de Posgrado[26].
* **Obligatoriedad:** Toda universidad pública debe contar obligatoriamente con al menos un **Instituto de Investigación**[26].
* **Modalidad a Distancia:** Los estudios de pregrado en modalidad a distancia **no pueden superar el 50% de los créditos totales** de la carrera, y las maestrías/doctorados no pueden dictarse de forma exclusivamente virtual[28].

### B. La Investigación como Función Esencial

* **Carácter Obligatorio:** La investigación es una función esencial, obligatoria y prioritaria de la universidad[28]. Participan docentes, estudiantes y graduados[28].
* **Docente Investigador:** Figura especial para docentes orientados a la excelencia científica. Tienen una carga lectiva reducida de solo **un (1) curso por año**, reciben una **bonificación especial del 50% de sus haberes totales** y son evaluados cada dos años conforme a los estándares de SINACYT/CONCYTEC[29].
* **Propiedad Intelectual y Patentes:** En investigaciones financiadas por la universidad se reconoce la autoría de los creadores. Respecto a los derechos patrimoniales y regalías por patentes registradas ante INDECOPI, la universidad debe percibir un **mínimo del 20% de participación** según convenio[30][31].
* **Incubadoras de Empresas y Centros de Producción:** La universidad debe promover incubadoras para pequeñas/microempresas lideradas por estudiantes, y puede constituir Centros de Producción de bienes/servicios cuya utilidad se destine prioritariamente a financiar la investigación[31][32].

---

## 5\. GOBIERNO DE LA UNIVERSIDAD PÚBLICA Y ELECCIÓN POPULAR (CAPÍTULO VII)

### A. Estructura de Gobierno Colegiado y Unipersonal

El gobierno de la universidad pública se ejerce a través de cinco instancias[33]:

1. **Asamblea Universitaria:** Máximo órgano colegiado representativo[33]. Integrado por el Rector, Vicerrectores, Decanos, Director de Posgrado, representantes docentes (50% principales, 30% asociados, 20% auxiliares), el **tercio estudiantil** (estudiantes del tercio superior) y representantes de graduados y administrativos[33][34]. Encargada de aprobar estatutos, definir políticas generales, evaluar la memoria anual y declarar la vacancia del Rector[35].
2. **Consejo Universitario:** Máximo órgano de gestión, dirección y ejecución académica y administrativa[36]. Integrado por el Rector, Vicerrectores, 1/4 de Decanos, Director de Posgrado, 1/3 de estudiantes y 1 de graduados[36][37]. Aprueba reglamentos, presupuestos, contrataciones docentes y confiere grados/títulos[38][39].
3. **Rector y Vicerrectores:** El Rector es el personero legal y máximo gestor ejecutivo a dedicación exclusiva[40]. Apoyado obligatoriamente por un **Vicerrector Académico** y opcionalmente por un **Vicerrector de Investigación**[41].
4. **Consejo de Facultad:** Órgano de gobierno de la Facultad presido por el Decano e integrado por representantes docentes y el tercio estudiantil[42][43]. Aprueba currículos y propone contrataciones docentes[44].
5. **Decano:** Máxima autoridad ejecutiva de la Facultad[45].

### B. Requisitos y Prohibición de Reelección

* **Requisitos para Rector y Vicerrectores:** Ser ciudadano en ejercicio, docente ordinario Principal con no menos de 5 años en la categoría, poseer el grado académico de **Doctor obtenido mediante estudios presenciales**, no haber sido condenado por delito doloso ni figurar en registros de deudores alimentarios o destituciones[40][46].
* **Requisitos para Decano:** Ser docente Principal con 3 años en la categoría y poseer grado de **Doctor o Maestro presencial**[45].
* **Prohibición Absoluta de Reelección Inmediata:** El Rector, los Vicerrectores y los Decanos son elegidos por un periodo de **5 años** (Rector/Vicerrectores) o **4 años** (Decanos) y **no pueden ser reelegidos para el periodo inmediato siguiente**[42].

### C. Elección por Voto Universal y Ponderado

* **Mecanismo Democratizador (Art. 66):** La elección de autoridades unipersonales en las universidades públicas se realiza mediante lista única por **votación universal, personal, obligatoria, directa, secreta y ponderada**[47]:
  * **Docentes ordinarios:** Les corresponde **dos tercios (2/3)** del peso total de la votación[47].
  * **Estudiantes matriculados:** Les corresponde **un tercio (1/3)** de la votación[47].
* **Validez de la Elección:** Requiere la participación de más del 60% de los docentes ordinarios y más del 40% de los estudiantes matriculados[45].

### D. Órganos de Control e Integridad

* **Comité Electoral Universitario (CEU):** Órgano autónomo elegido por la Asamblea Universitaria para organizar y conducir las elecciones con apoyo de la ONPE[48][49].
* **Tribunal de Honor Universitario:** Emite juicios de valor éticos y propone sanciones disciplinarias al Consejo Universitario[49].
* **Comisión Permanente de Fiscalización:** Órgano encargado de vigilar la gestión académica, administrativa y financiera con amplias facultades de inspección[50].

---

## 6\. REGIMEN DE DOCENTES, ESTUDIANTES Y GRADUADOS (CAPÍTULOS VIII, IX Y X)

### A. Personal Docente

* **Clasificación:** Ordinarios (*Principales, Asociados y Auxiliares*), Extraordinarios (máximo 10%) y Contratados[51][52].
* **Requisitos Académicos para el Ingreso y Promoción:**
  * *Auxiliar y Asociado:* Título profesional y **Grado de Maestro** presencial[29].
  * *Principal:* Título profesional y **Grado de Doctor** presencial[29].
* **Régimen de Dedicación y Exigencia Legal del 25%:**
  * Profesores a dedicación exclusiva, tiempo completo (40 horas semanales) y tiempo parcial[53].
  * **Mandato Legal:** En toda universidad (pública o privada), **al menos el 25% de la plana docente debe laborar a tiempo completo**[29].
* **Edad Límite y Homologación Salarial:** La edad máxima para el ejercicio de la docencia en la universidad pública se fijó en 70 años (pasada esa edad solo ejercen como extraordinarios)[54]. Las remuneraciones de los docentes públicos se homologan con las de los Magistrados Judiciales (un docente Principal se equipara a un Juez Supremo y un Auxiliar a Juez de Primera Instancia)[55].

### B. Estudiantes

* **Derechos Fundamentales:**
  * Recibir formación académica de calidad[56].
  * **Gratuidad de la enseñanza en la universidad pública** para el estudio de una sola carrera universitaria[57].
  * **Gratuidad en el asesoramiento, elaboración y sustentación de la tesis** para obtener el grado de Bachiller por una sola vez[57].
  * Libertad de expresión, asociación y participación en el gobierno universitario[57].
  * Descuentos en escalas de pago diferenciadas en universidades privadas[57].
* **Rendimiento y Matrícula Condicionada:** La desaprobación de una misma materia por tres veces da lugar a la separación temporal por un año; la cuarta desaprobación acarrea el **retiro definitivo**[58][59].
* **Requisitos para la Representación Estudiantil:** Pertenecer al tercio superior, tener al menos 36 créditos aprobados, no haber sido condenado por delito y sin reelección inmediata[58].

### C. Graduados

* **Asociación de Graduados:** Entes consultivos formados por egresados. Participan con voz y voto a través de sus representantes en los órganos colegiados de gobierno (Asamblea y Consejo Universitario)[59][60].

---

## 7\. RÈGIMEN ECONÓMICO: UNIVERSIDADES PÚBLICAS VS. PRIVADAS (CAPÍTULOS XI Y XII)

### A. Universidad Pública

* **Fuentes de Financiación:** Recursos ordinarios del Tesoro Público, Recursos Directly Recaudados (RDR), donaciones, canon/sobrecanon, transferencias e ingresos por centros de producción[61].
* **Sometimiento al Control Estatal:** Están plenamente integradas a los Sistemas Públicos de Presupuesto y de la Contraloría General de la República[62].
* **Criterios de Asignación:** El Estado asigna fondos básicos (gastos operativos), adicionales (por logro de indicadores, investigación y acreditación) y de infraestructura[62].

### B. Universidad Privada

* **Modalidades Jurídicas:** Pueden constituirse como **Asociativas** (sin fines de lucro) o **Societarias** (con fines de lucro bajo la forma de sociedades mercantiles)[63][64].
* **Tratamiento de Excedentes y Utilidades:**
  * *Universidades Asociativas:* Los excedentes no pueden ser distribuidos entre sus miembros bajo ninguna modalidad y deben reinvertirse totalmente en la institución[65][66].
  * *Universidades Societarias:* Las utilidades están sujetas al pago del Impuesto a la Renta[65][66].
* **Crédito Tributario por Reinversión (Art. 119 y 120):**
  * Las universidades privadas societarias pueden acceder a un **crédito tributario equivalente de hasta el 30% del monto reinvertido** en la mejora de la calidad educativa[65][66].
  * *Condiciones estrictas:* Debe existir utilidad neta (no aplica si hay pérdida tributaria), la reinversión debe ejecutarse obligatoriamente **dentro de la misma institución** (a diferencia del régimen del D.L. 882) en infraestructura, investigación, becas o capacitación docente, y requiere la aprobación previa de programas de reinversión por SUNEDU y supervisión de SUNAT[65].

---

## 8\. RESPONSABILIDAD SOCIAL, BIENESTAR Y DISPOSICIONES COMPLEMENTARIAS (CAPÍTULOS XIII A XVI Y TRANSITORIOS)

### A. Responsabilidad Social Universitaria (RSU) y Bienestar

* **Inversión Mínima Obligatoria (Art. 125):** La RSU es la gestión ética del impacto universitario en la sociedad. La ley obliga a cada universidad a asignar un **mínimo del 2% de su presupuesto institucional** para proyectos de responsabilidad social[69][70].
* **Bienestar Estudiantil:**
  * Seguro de Salud obligatorio (SIS o seguro privado) al momento de la matrícula[70].
  * Chequeo médico anual obligatorio para la prevención del cáncer[71].
  * **Pasaje Universitario:** Beneficio del 50% del precio del pasaje regular público[71].
  * Programas Deportivos de Alta Competencia (PRODAC) en al menos tres disciplinas[72].
  * Adecuación de infraestructura para la inclusión de personas con discapacidad (Ley 29973)[73].
* **Defensoría Universitaria:** Instancia autónoma encargada de tutelar los derechos individuales de los miembros de la comunidad universitaria frente a actos de autoridades[74][75].

### B. Disposiciones Transitorias y Derogatorias Cruciales

* **Adecuación de Gobiernos Transitorios:** Dispuso el cese inmediato de las Asambleas Universitarias al entrar en vigor la ley y la conformación de Comités Electorales Transitorios para elegir Asambleas Estatutarias encargadas de redactar nuevos Estatutos y convocar a elecciones generales de autoridades[75][76].
* **Plazo de Adecuación Docente (Tercera Transitoria):** Se concedió un **plazo máximo de 5 años** para que los docentes universitarios obtengan los grados académicos de Maestro o Doctor exigidos por la ley, bajo apercibimiento de cambio de categoría o cese del vínculo laboral[77].
* **Extinción de la ANR y el CONAFU (Séptima Transitoria):** Dispuso el cierre definitivo y liquidación patrimonial/administrativa de la Asamblea Nacional de Rectores (ANR) y del CONAFU, transfiriendo su acervo y recursos a la SUNEDU[78].
* **Programa de Fortalecimiento Institucional (Cuarta Final):** Creación de programas de apoyo presupuestal prioritario para 12 universidades públicas históricas/emblemáticas (encabezadas por la UNMSM, UNSCH, UNSAAC, UNT, UNSA, UNI, UNALM, entre otras)[81][82].
* **Cláusula Derogatoria Única:** Deroga expresamente la anterior Ley Universitaria (Ley 23733), la ley de creación del CONAFU (Ley 26439) y deja sin efecto el Decreto Legislativo 882 en todo lo que respecta al ámbito universitario (salvo normas tributarias específicas)[83]"
11,nicolas_lynch,universidad_poder,3,"## 1\. Ficha Técnica, Tesis Central y Delimitación de Campo * **Autor:** Nicolás Lynch Gamero (Profesor principal de la Universidad Nacional Mayor de San Marcos - UNMSM)[1].
* **Objeto de Estudio:** El contrapunto y la disputa histórica de poder entre la universidad peruana (principalmente pública) y el poder del Estado a lo largo de un siglo (1919–2019)[1][2].
* **Tesis Central:** El problema de la universidad peruana en los últimos cien años no ha sido meramente pedagógico, financiero o de infiltración política radical, sino fundamentalmente un **problema de relación con el poder**[3]. La historia universitaria está marcada por la tensión entre el impulso universitario de convertirse en un espacio democrático de producción de conocimiento (derecho público) frente al intento estatal de dominarla, reprimirla o convertirla en un mecanismo mercantil de reproducción social[3][4].
* **Sesgos / Focos de Análisis:**
  1. *Eje Institucional:* Concentrado en la **universidad pública**, por ser el motor histórico del cambio[5].
  2. *Estudio de Caso Emblemático:* Centrado en la **Universidad Nacional Mayor de San Marcos (UNMSM)**, analizando tanto su liderazgo histórico como su proceso de decadencia y pérdida de peso relativo[1][5].
* **Categoría de Cambio Institucional:** La transición de la universidad como un *derecho público para la democratización* hacia un servicio regulado como *mercancía dentro del mercado neoliberal*[4].

---

## 2\. Periodización Histórica: Cuatro Momentos de la Relación Universidad–Estado

El texto estructura la trayectoria de los últimos cien años en cuatro períodos clave[2]:

```
[1919–1961: Lucha Anti-Oligárquica] ──► [1961–1996: Abandono y Masificación] ──► [1996–2014: Primera Ola Privatizadora] ──► [2014–Presente: Segunda Ola / Contrarreforma Tecnocrática]

```

### Periodo I: La Lucha Anti-Oligárquica y el Ideario Reformista (1919–1961)

* **Hito Fundacional (1919):** Recepción del movimiento de la Reforma de Córdoba de 1918 (traído por Alfredo Palacios), que detonó la ruptura con la antigua universidad oligárquica[6]. Dirigido por líderes estudiantiles como Víctor Raúl Haya de la Torre[7].
* **Contrapeso Ideológico Conservador (1917):** Creación de la Pontificia Universidad Católica del Perú (PUCP) como un contrapeso ideológico promovido por la Iglesia y sectores privados frente al radicalismo de San Marcos[7].
* **Primaveras Cortas y Dictaduras:** Las conquistas iniciales concedidas por Augusto B. Leguía fueron cortadas cuando intentó reelegirse en 1923, derivando en represión[6][7]. Posteriores intentos de reforma (1931 y 1948) fueron liquidados por dictaduras militares[8].
* **Crítica de Salazar Bondy (1957):** Augusto Salazar Bondy señala que el movimiento universitario priorizó las banderas político-institucionales (autonomía, acceso y cogobierno) por encima del desarrollo de la calidad académica[8].

### Periodo II: El Abandono Estatal y la ""Masificación sin Proyecto"" (1961–1996)

* **Ley Universitaria 13417 (1961):** Se aprobó el **cogobierno universitario** en universidades públicas y asociativas[9]. La oposición médica a la participación estudiantil derivó en la ruptura de la Facultad de Medicina de San Marcos y la fundación de la Universidad Peruana Cayetano Heredia (UPCH)[9].
* **Masificación y Conflicto Político:** Triunfo de la izquierda radical (principalmente maoísta) sobre el APRA en los campus, pagando un alto costo en deterioro académico y fuga de docentes talentosos[9][10]. Esto desencadenó una *""masificación sin proyecto""*[9].
* **Incuria y Ahogamiento Financiero:** El Estado asumió una actitud de desprecio e *""incuria""*, ahogando presupuestalmente a la universidad pública por considerarla una ""casa rebelde"" o ""incendiada""[10]. La universidad pasó de ser un espacio de democratización a la *""tierra de nadie""* (Zenón de Paz)[10].
* **Paréntesis Estatales:**
  1. *Leyes de Velasco (1969, 1972):* Buscaron restringir el cogobierno y reorganizar las facultades para articular la universidad al desarrollo nacional militar; fueron paralizadas por la resistencia estudiantil[11][12].
  2. *Ley 23733 (1983 - Fernando Belaúnde):* Calificada por Juan Abugattás como un *""Córdoba tardío""*, restauró el cogobierno, las facultades y la Asamblea Nacional de Rectores (ANR), pero derivó en inmovilismo institucional[12].
* **Guerra Interna e Intervención Militar (1980–2000):** La presencia de Sendero Luminoso y el MRTA convirtió los campus en escenarios del conflicto armado, propiciando la estigmatización de las universidades públicas como ""nidos de terroristas""[13]. El gobierno de Alberto Fujimori intervino y ocupó militarmente la UNMSM entre 1992 y 2000, suspendiendo su autonomía[13][14].

### Periodo III: La Primera Ola Privatizadora Neoliberal (1996–2012/2014)

* **Decreto Legislativo 882 (1996):** Abrió la educación universitaria al lucro empresarial y a la inversión privada con fines de lucro[15].
* **Explosión Desregulada:** Entre 1996 y 2012 (año de la moratoria), se crearon decenas de instituciones, alcanzando 142 universidades (91 privadas, de las cuales 51 eran con fines de lucro)[15]. Lynch denomina esta etapa como el *""envilecimiento de la educación universitaria""*, caracterizado por el dictado informal y sin control de calidad[15].
* **Gestación del Frente Reformista (2004–2009):** Profesores y exrectores de San Marcos, UNI, PUCP y Cayetano Heredia articularon un movimiento para plantear una ley que detuviera el caos mercantil, insumo directo del proyecto parlamentario del congresista Daniel Mora[16].

### Periodo IV: La Segunda Ola Privatizadora y la ""Contrarreforma Tecnocrática"" (2014–Presente)

* **Pacto Político y Apropriación del Proyecto (2014):** Durante el trámite de la **Ley Universitaria 30220**, el Ministerio de Educación (dirigido por Jaime Saavedra) pactó con el congresista Daniel Mora los votos del oficialismo a cambio de dos modificaciones estructurales[18]:
  1. Sustituir el órgano regulador interno/democrático por la **SUNEDU**, un ente estatal y extrauniversitario[18][19].
  2. Omitir la derogación explícita del DL 882[18].
* **Naturaleza de la SUNEDU según Lynch:** Es interpretada no como una verdadera reforma, sino como una **""contrarreforma tecnocrática""** respaldada por burocracias ligadas al Banco Mundial y al BID[20].
* **Mecanismos de Violación de la Autonomía:**
  * **Intervencionismo Operativo:** La SUNEDU sobrepasa la fijación de políticas generales para auditar detalles académicos (planes de estudio) e institucionales, vulnerando la libertad de cátedra y el autogobierno[19][21].
  * **Endogamia Designativa:** Los miembros de SUNEDU son evaluados por concursos bajo el propio Minedu/Consejo Nacional de Educación y su Superintendente es nombrado por el Ministro[22].
  * **Estrategia Presupuestal Inversa:** Subfinanciamiento persistente del Tesoro Público a las universidades nacionales, forzándolas a generar Recursos Directly Recaudados (RDR) y derivando fondos hacia subsidios a la demanda privada mediante programas como *Beca 18*[22].

---

## 3\. Matriz Conceptual para Codificación Cualitativa / NLP

Para la construcción de tu base de datos o modelos de análisis de texto, a continuación se definen los principales conceptos y categorías teóricas del paper:

| Variable / Código               | Definición Teórica en el Texto                                                                                                         | Evidencia / Pasajes Clave |
| ------------------------------- | -------------------------------------------------------------------------------------------------------------------------------------- | ------------------------- |
| `[Disputa_de_Poder]`            | Tensión histórica entre el proyecto democratizador de los universitarios y la voluntad de sometimiento/dominación del Estado.[2]     |                           |
| `[Incuria_Estatal]`             | Política de abandono, castigo presupuestal y estigmatización ejercida por el Estado sobre la universidad pública.[10]                |                           |
| `[Masificación_sin_Proyecto]`   | Expansión acelerada de la matrícula universitaria sin un modelo académico ni sustento financiero.[9][10]                           |                           |
| `[Primera_Ola_Privatizadora]`   | Apertura del mercado universitario a empresas con fines de lucro mediante el DL 882 de 1996.[15][16]                               |                           |
| `[Contrarreforma_Tecnocrática]` | Proceso iniciado en 2014 mediante el cual una élite burocrática (Minedu-SUNEDU) asume el control del sistema.[18]                    |                           |
| `[Captura_Mercantil_SUNEDU]`    | Violación de la autonomía universitaria bajo el pretexto de supervisión de calidad para encauzar a las universidades al mercado.[19] |                           |

---

## 4\. Conclusiones del Autor

1. **Inestabilidad Estructural:** No ha sido posible consolidar una relación estable entre el poder estatal y la universidad en el Perú debido al sesgo autoritario o mercantilista con el que el Estado ha abordado a las instituciones[23].
2. **Fracaso de la Regulación Externa:** Intentar regular o ""modernizar"" la universidad desde afuera y mediante burocracias ajenas a la comunidad académica la condena al fracaso y a la deslegitimación[23].
3. **Condición de Posibilidad:** Una verdadera reforma universitaria no puede darse aislada; requiere un proceso paralelo de **democratización global de la sociedad y del Estado peruano**[23]."
12,rodriguez_et_al,gu_dificultades,2,"las personas que conforman una institución son proclives aidentificarse con ella, aunque en muchas ocasiones querrán hacerlo con diversos subgruposque conforman dicha organización, como los equipos de investigación, el tipo de contratoo departamento al que pertenecen. Hogg y Terry (2000), en una revisión de estudiosrelacionados con la identidad social de las organizaciones, expusieron que los miembrosde los subgrupos de una organización tienden a identificarse entre ellos y resistiéndose alos cambios que provienen de otros grupos, especialmente los de jerarquía superior. VanDick, Wagner, Stellmacher y Oliver (2004) realizaron una investigación con el objetivo decontrastar la identificación social del profesorado con una muestra de 515 docentes que,posteriormente, cruzaron con una muestra de 358 profesionales del contexto bancario.Ambas muestras se identificaban en función de diferentes dimensiones relacionadas, entreotras, con la categoría profesional, el equipo al que pertenecían o la titulación universitaria.Respecto a la formación inicial, la diversidad del colectivo de docentes universitarios poseeestudios que los adscribe a diferentes profesiones, subordinándose en algunos casos a lasnormas de las mismas, antes que a los objetivos de la organización a la que sirven, algoLa gestión universitaria: dificultades en el desempeño del cargo y necesidades de formación 216REDU. Revista de Docencia Universitaria, 2015, 13 (3), 213-231que supone un conflicto de desarraigo al formar parte de equipos de gestión (Di Napoli,2009). Por otra parte, los perfiles de los gestores universitarios son, en ocasiones, difusos ylas responsabilidades muchas veces se encuentran repartidas entre funcionarios y cuerposcolegiados. Estas características, unidas a las ambiciones personales o colectivas, ofrecenun panorama donde la jerarquía y atribuciones aparecen poco definidas y ejercidas porotras personas (Palacio, 2004).Los docentes pueden verse influenciados en mayor medida, por ciertos gruposque desempeñan funciones en la universidad, en lugar de identificarse con la totalidadde la organización. Van Knippenberg y Van Schie (2000), realizaron un estudio con unamuestra de 163 gestores universitarios, destacando que los docentes se identificaban máscon los subgrupos de los que formaban parte que con la propia institución, señalandocomo beneficios, la competencia en grupo con otros colectivos, pero evidenciandolimitaciones cuando los intereses contrapuestos pudieran generar hostilidad. Los gruposque representan a colectivos de alumnado o docentes, con poder en la gestión, puedenlimitar y entorpecer cambios que afecten a los intereses de esos colectivos, aunque no a latotalidad que representan, dificultando procesos de mejora (Mirón, 2008). Esto es visiblecuando los grupos que pertenecen a la universidad tienen intereses contrapuestos conlos de otros colectivos o docentes (Paulsen, 2003) que, en ocasiones, hace necesario quelos responsables de la institución, respalden a los gestores que coordinan esos procesos(Paricio, 2012).Por ello, es importante la existencia de un enfoque positivo del conflicto entrecolectivos, cuya gestión se centre en la negociación para evitar confrontaciones yafianzar un clima estable dentro de la universidad. Pettit y Ayers (2002), analizaron lasatisfacción de 142 docentes universitarios, respecto a la gestión, el liderazgo y el trabajoen equipo, destacando que las competencias en resolución de conflictos y el diálogo eranfundamentales en la gestión y el liderazgo. La negociación era necesaria cuando existíaun conflicto y las partes pretendían resolverlo, de forma que, la solución negociada fuerasatisfactoria para todas y cada una de las partes. La agrupación por áreas de conocimientoque se produce en los departamentos, fomenta que cada grupo pretenda imponer susvisiones y sus propios objetivos, muchas veces más relacionados con sus lealtadesprofesionales que con los propios de la organización (Narváez, 2008). Escuchar es unacompetencia necesaria para los gestores, dado que, se ven inmersos en situaciones dondees necesario comunicar, intercambiar y comprender las preocupaciones, necesidades oexpectativas de los docentes.Al hacer referencia al perfil de los gestores, es necesario destacar que la presenciade las profesoras universitarias en los cargos de gestión universitaria ha sido escasa, pese ala creciente presencia de la mujer en los órganos de gobierno universitarios. La visualizaciónde la mujer sigue siendo menor que la del hombre (Tomás, Durán, y Guillamón, 2009).Respecto al género, Sánchez, López y Altopiedi (2014) realizaron un análisis comparativode dos estudios, teniendo en cuenta dicha variable, en relación a los estilos de liderazgoy las necesidades formativas de gestores universitarios. La primera investigación, decorte cuantitativo con una muestra de 136 mujeres que ejercían puestos de gestión en launiversidad en distintas áreas de conocimiento. El segundo estudio se realizó con la mismametodología a una muestra, de criterio similar, de 129 hombres. Como conclusionesdeterminaron que, los estilos de liderazgo no diferían en cuestión de género, aunque lasgestoras desempeñaban un rol social tendente al diálogo y los gestores se desenvolvían enRODRÍGUEZ PULIDO, J., ARTILES RODRÍGUEZ, J., AGUIAR PERERA, M.V.217REDU. Revista de Docencia Universitaria, 2015, 13 (3), 213-231un plano más técnico, priorizando tareas burocráticas. En ambos casos se expusieron lasnecesidades formativas respecto a la gestión y el desarrollo de competencias directivas.En relación a la formación en gestión universitaria ha existido una necesidad deprofundizar en los diversos planos relativos a los recursos humanos y económicos, elliderazgo y la toma de decisiones de la gobernanza (Fernández, 2002; De Vries e Ibarra,2004) por lo que los administradores de estas organizaciones deberían llevar a caboprocesos de especialización en gestión que les permita desarrollar su tarea en las mejorescondiciones, asegurando los objetivos de la institución superior (Brunner, 2011). Narváez(2008), en un estudio de diferentes modelos de estructura y gestión universitaria, expusoque la tradición y cultura de las instituciones de educación superior determinan, enmuchos casos, la forma de gestionarla y la rigidez de las organizaciones universitarias, algoque debería tenerse en cuenta respecto a la formación sobre el desarrollo organizativo.El análisis de Michavila (2011), sobre el proceso de construcción del Espacio Europeo deEducación Superior, concluyó que es necesario dejar atrás la rigidez tradicional del sistemay optimizar la gestión de los recursos para hacer frente al escenario de crisis actual.En muchas ocasiones la universidad carece de procedimientos a seguir y presentaun cierto orden difuso, lo que dificulta la labor del gestor. La diversidad en las organizacionesuniversitarias en cuanto a la gestión, la variedad de funciones, los recursos materialesnecesarios, las múltiples acciones realizadas, unido a los intereses y característicasparticulares de departamentos o personas que trabajan en ella, hacen que esta tarease torne complicada (Mirón, 2008). El tiempo exigido en el transcurso de la gestión,también es un factor a tener en cuenta, al propiciarse constantemente la inmersión delgestor en procesos dicotómicos entre lo eficaz de la gestión y lo eficiente. Este procesoestá condicionado por diversidad de factores, donde se hace necesario decidir entre lourgente y lo importante. Urgente, para responder a las actividades que requieren unaacción inmediata, e importante, para resolver las actividades que tienen que ver con losresultados. La gestión implica elegir en función de las prioridades, las urgencias, el día a día,quedando el cumplimiento de la mejora de la docencia y de la investigación relegados a unsegundo plano, ya que, la gestión de calidad se enfrenta al exceso de tareas burocráticasque requieren prioridad (Paricio, 2012).El objetivo del proyecto fue indagar en la formación de gestores universitariospara crear una red de buenas prácticas para el gobierno y la gestión de la universidad.Para ello, el objetivo de este estudio se centró en conocer cómo es el acceso a la gestiónuniversitaria, qué características consideran los gestores que debe poseer la formaciónpara la gestión, cuáles son las preocupaciones en el ejercicio del cargo, qué tipo impactoy dificultades institucionales suelen aparecer y cuáles son los aprendizajes derivados delejercicio de la gestión."
13,vitaliano,politica_universitaria,2,"Se analiza la implementación de la política universitaria neoliberal sustentada en una
racionalidad mercantilista.
Se da cuenta de un conjunto de normas que le proporciona al gobierno la capacidad
suficiente para moldear la naturaleza, el contenido y la orientación del trabajo
universitario.
Durante la década de 1990 durante el régimen civil-militar de Fujimori-Montesinos de
se promulgan leyes de Reorganización universitaria, dirigida a intervenir las
universidades estatales
En noviembre de 1996, se promulga el decreto legislativo 882 Ley de Promoción de la
inversión en la educación,
A partir de 1994, las políticas de Educación Superior se implementaron a través de la
Asamblea Nacional de Rectores (ANR)
Se mantiene el modelo neoliberal con el gobierno de Toledo, a través de ciertas
disposiciones se recomendó a las universidades nacionales elaborar su plan estratégico
de desarrollo institucional, sirviendo de referentes para que el MEF racionalice la
asignación de recursos fiscales del gobierno central y el uso de recursos del FEDADOI
En mayo del 2006 se dio la Ley 28740, del Sistema Nacional de Evaluación,
Acreditación y Certificación de la Calidad Educativa, norma la participación del Estado
en la regulación, organización y funcionamiento del sistema nacional de evaluación,acreditación y certificación de la calidad educativa. Se crea el Consejo de Evaluación,
Acreditación y Certificación de la Calidad de la Educación Universitaria (CONEAU)PRESUPUESTOS TEÓRICO-METODOLÓGICOS BÁSICOSAntes de abordar directamente el tema, es menester considerar las siguientes premisaso presupuestos básicos:1. En nuestro país y en otros de Latinoamérica, los sectoresdominantes a nivel del gobierno central y de gobierno universitario, tienenla convicción de que el actual esquema dominante de globalizaciónneoliberal, caracterizado por los valores individualistas de lacompetitividad, la excelencia, la productividad, etc. y la absolutización dela economía de mercado, es no sólo el único posible –verdad absoluta-,sino el más conveniente, y que, en consecuencia hay que impulsarlo,implementarlo y fortalecerlo. Es obvio que detrás de estos planteamientosexisten un conjunto de motivaciones e intereses de diversa naturaleza yque generalmente no se explicitan.2. En consecuencia, es inevitable incorporarse a este procesoglobalizador neoliberal, no importa el lugar subordinado en que seencuentren nuestros países y de las modalidades de participación que deello se desprendan, y más allá de las consecuencias políticas, ideológicas,culturales, ecológicas o de identidad que puedan acarrear. Lo importantees no quedar al margen de este proceso arrollador, de lo contrario, seríaoponerse al cambio y a las posibilidades de progreso y la modernidad.3. Para integrarse y ser parte de la globalización neoliberal,centrada en los procesos y valores mercantilistas, se requiere entrar a lacompetencia del mercado con los productos de calidad y con la oferta delos servicios requeridos para la interacción mercantil, de manera quenuestras universidades participen en forma eficiente y exitosamentecompetitiva. Precisamente uno de esos productos y servicios es laeducación superior universitaria.4. Por lo tanto, hay que asegurar que nuestras institucionesuniversitarias presten servicios y generen productos adecuados a través dela preparación de profesionistas, con las capacidades y habilidadesrequeridas por el mercado, el tipo de conocimientos para el eficientedesempeño laboral en el mercado de trabajo, además con la introyecciónde los valores pertinentes para el fomento de los códigos axiológicos de laeconomía de mercado. De conformidad con ello, se debe implantar laspolíticas y los mecanismos conducentes para la las Instituciones deEducación Superior (IES), garanticen la orientación correcta de susplanteamientos educativos y la obtención de la calidad esperada en susproductos académicos.En nuestro país, estos presupuestos teórico metodológicos constituye una realidadincontrastable y que se inició a comienzos de la década de los años noventa y que seviene consolidando hasta el presente."
14,politecnica_salesiana,indicadores_gestion,5,"## 2\. MARCO TEÓRICO-CONCEPTUAL: CALIDAD Y PARADIGMAS DE EVALUACIÓN (CAPÍTULO I)

### A. Contexto Histórico y Necesidad de la Evaluación Universitaria

* **Crecimiento Desregulado:** La expansión acelerada de universidades públicas y privadas en América Latina entre las décadas de 1980 y 1990 generó una marcada heterogeneidad y disimilitud en los niveles de calidad formativa[2]. Ante la ineficacia inicial de los controles estatales, la universidad corrió el riesgo de convertirse en un espacio precario[2].
* **Imperativo Legal y Constitucional:** La Constitución ecuatoriana de 1998 (Art. 79) y posteriormente la Constitución de 2008 (Art. 351) establecieron la obligatoriedad de la rendición de cuentas, la acreditación y la creación de un sistema autónomo de evaluación[9].

### B. Mapeo de Conceptos de Calidad

El texto sistematiza la evolución del término *calidad* (del latín *qualitatis*) demostrando que se trata de una **construcción social negociada** entre los grupos de interés (*stakeholders*) de la universidad[12]:

| Autor / Escuela                    | Enfoque Teórico       | Acento Diferencial           | Concepto Clave Aplicado a la Educación                                                             |
| ---------------------------------- | --------------------- | ---------------------------- | -------------------------------------------------------------------------------------------------- |
| **Platón**                         | Excelencia            | Calidad absoluta             | La calidad como superioridad o perfección insuperable (*lujo/diseño*)[16].                       |
| **Shewhart / Crosby**              | Técnico               | Conformidad con estándares   | Medición del grado de aproximación a las especificaciones (*cero defectos*)[16].                 |
| **Deming / Taguchi**               | Estadístico           | Variabilidad mínima          | Eficiencia económica y reducción permanente de las desviaciones en los procesos[17].             |
| **Feigenbaum / Juran / Ishikawa**  | Sistémico             | Aptitud para el uso          | Calidad planificada para traducir las necesidades de los usuarios en especificaciones[17][18]. |
| **Parasuraman / Zeithaml / Berry** | Servicio (*SERVQUAL*) | Satisfacción de expectativas | Cumplimiento o superación de las expectativas de los usuarios del servicio[18].                  |
| **Evans (Procter &amp; Gamble)**       | Calidad Total         | Gestión integral de valor    | Creación de valor sostenible para toda la cadena e instituciones vinculadas[18].                 |

### C. Dimensiones Explicativo-Relacionales de la Calidad Educativa

Siguiendo a la OEI y a Garduño, el modelo evalúa la calidad a través de cuatro dimensiones de interrelación[21][22]:

1. **Eficacia:** Grado en que los estudiantes y egresados logran los objetivos de aprendizaje, conocimientos, destrezas y valores previstos en los currículos[21][23].
2. **Efectividad (Validez Educativa):** Medida en que las prácticas en el aula y los servicios institucionales de apoyo (tutorías, asesorías, hábitos de estudio) contribuyen al logro de los productos educativos[21][24].
3. **Eficiencia:** Uso óptimo y apropiado de los recursos humanos, administrativos y financieros en relación con los resultados alcanzados (ej. relación entre estudiantes ingresantes/egresados o docentes/proyectos de investigación)[21].
4. **Congruencia (Relevancia):** Correspondencia e interacción coherente entre los insumos (humanos/físicos), los procesos académicos y las demandas del entorno, incluyendo el análisis del *currículum oculto*[22].

### D. Paradigmas y Perspectivas de la Evaluación

El autor adopta la clasificación de Barba (2004) para categorizar los enfoques evaluativos[26]:

* **Perspectiva Positivista / Neopositivista (Descripción de la realidad):** Centrada en la cuantificación, la medición con indicadores, la objetividad del evaluador externo y el control de estándares previstos[26].
* **Perspectiva Hermenéutico-Constructivista (Comprensión de la realidad):** Evaluación de ""cuarta generación"" o respondente, centrada en comprender las dinámicas internas, los procesos socio-históricos y las percepciones de los actores involucrados[30].
* **Perspectiva Crítico-Dialéctica (Transformación de la realidad):** Vincula la teoría con la praxis, analiza las relaciones de poder y asume la evaluación como un proceso emancipador, auto-reflexivo y de mejora continua para la comunidad universitaria[30].

---

## 3\. DIAGNÓSTICO COMPARATIVO: ISO 9001 VS. MODELOS ESTATALES (CAPÍTULO II)

Para determinar el grado de cobertura de los sistemas estatales de control en Ecuador respecto a la norma internacional **ISO 9001:2008**, Pesántez construye una matriz de correspondencia cruzando las 5 cláusulas operativas de la norma con los modelos oficiales[35]:

```
                                [ NORMA ISO 9001:2008 ]
                                          │
       ┌──────────────────────────────────┼──────────────────────────────────┐
       ▼                                  ▼                                  ▼
[ Cláusula 4: SGC ]             [ Cláusulas 5, 6 y 8 ]             [ Cláusula 7: Producto ]
 (Estructura/Documentos)         (Dirección, Recursos, Mejora)       (Enseñanza/Aprendizaje)
       │                                  │                                  │
       ├──────────────────────────────────┼──────────────────────────────────┤
       ▼                                  ▼                                  ▼
[ Modelo CONEA Acreditación ]    [ Modelo CONESUP Mandato 14 ]      [ Modelo CONEA Mandato 14 ]
 (179 Indicadores - 62.5% ISO)    (78 Indicadores - 31.25% ISO)      (Datos cuantitativos - 18.75% ISO)

```

### A. Resultados del Anexo de Correspondencias e Intersecciones

1. **Modelo CONEA para Acreditación (179 indicadores):**
  * Muestra la **mayor convergencia** con la norma ISO 9001:2008[1][39].
  * Se vincula al **100% con las cláusulas 5, 6, 7 y 8** (Responsabilidad de la Dirección, Gestión de Recursos, Realización del Producto Educativo y Medición/Análisis/Mejora)[39][40].
  * Cubre **30 de los 48 subnumerales** de la norma (equivalente al **62.50% de cobertura relacional**)[9][39].
2. **Modelo CONESUP Mandato 14 (78 indicadores):**
  * Orientado a verificar la situación académica (7 ámbitos) y jurídica de las IES[1][41].
  * Se vincula en un 100% con las cláusulas 5, 6, 7 y 8, pero con menor profundidad[9][39].
  * Cubre **15 de los 48 subnumerales** ISO (equivalente al **31.25% de cobertura relacional**)[9][39].
3. **Modelo CONEA Mandato 14 (Desempeño Institucional / Formulario cuantitativo):**
  * Enfocado en recabar datos cuantitativos de infraestructura, matrícula y planta docente[42][43].
  * Cubre únicamente **9 de los 48 subnumerales** de la norma (equivalente al **18.75% de cobertura**)[9][44].
  * **Omisión crítica:** Presenta una **relación inexistente (0%) con la Cláusula 7 (Realización del Producto)**, descuidando el seguimiento directo al proceso de enseñanza-aprendizaje[9].

### B. Las Tres Grandes Carencias Sistemáticas de los Modelos Estatales

El diagnóstico comparativo demuestra que las propuestas evaluativas del Estado ecuatoriano descuidan tres requisitos fundamentales de un Sistema de Gestión de Calidad (SGC) bajo la ISO 9001:2008[22]:

1. **Revisión por la Dirección (Numeral 5.6):** Ausencia de mecanismos obligatorios para que las autoridades universitarias evalúen periódicamente el desempeño del SGC[22].
2. **Manual de Calidad (Numeral 4.2.2):** Falta de articulación documental unificada de la política e intenciones de calidad[22].
3. **Mejora Continua Sistematizada (Numeral 8.5.1):** Los modelos se enfocan en auditorías punitivas estáticas en lugar de promover un ciclo cerrado de autoevaluación, acciones correctivas y preventivas (Ciclo PHVA: *Planificar-Hacer-Verificar-Actuar*)[22].

---

## 4\. DISEÑO E IMPLANTACIÓN DEL MODELO PARA LA UPS (CAPÍTULO III)

Para subsanar las lagunas de los modelos oficiales y dotar a la Universidad Politécnica Salesiana (específicamente a su Unidad de Posgrados) de una herramienta operativa de excelencia, el autor propone la integración de **cuatro herramientas/metodologías clave**[48]:

### A. QFD - Despliegue de la Función de Calidad (*Quality Function Deployment*)

Premite traducir la *""voz del cliente/usuario""* (alumnos, aspirantes, egresados, empleadores, sociedad) en características de calidad y procesos concretos mediante cuatro matrices encadenadas[14]:

* **Matriz 1 (Cliente - Necesidades):** Identifica que la *atención oportuna* y el *trato cordial* son las expectativas más demandadas por la comunidad[15].
* **Matriz 2 (Necesidades - Características):** Traduce los requerimientos en atributos de la oferta (docentes calificados a tiempo completo, investigación e innovación, flexibilidad curricular e internacionalización)[19].
* **Matriz 3 (Características - Procesos):** Determina qué procesos universitarios generan directamente dichas características[55].
* **Matriz 4 (Procesos - Controles):** Establece los puntos de control e indicadores operativos.

### B. Mapa de Procesos Institucional

Clasifica las actividades de la Unidad de Posgrados de la UPS en tres niveles interrelacionados[23][58]:

1. **Procesos Estratégicos:** Evaluación, mejoramiento, acreditación y revisión por la alta dirección[23][58].
2. **Procesos Clave / Misionales (Cadena de Valor):** Admisión estudiantil, planificación académica/operativa, desarrollo académico, investigación, docencia y capacitación[26].
3. **Procesos de Apoyo / Soporte:** Gestión del talento humano (sistema SPIRAL), gestión administrativa (SIGAC), administración financiera y soporte tecnológico (SNA)[27].

### C. Planificación Estratégica Prospectiva

Define la **Misión**, **Visión** y valores de la UPS (honestidad, democracia, justicia, equidad, solidaridad, responsabilidad) y establece **cuatro Temas Estratégicos o Factores Críticos de Éxito (CSFs)**[32]:

* **Tema 1:** Innovación y excelencia de la formación en el pregrado y posgrado[32].
* **Tema 2:** Institucionalización y consolidación de la investigación[32].
* **Tema 3:** Pertinencia y efectividad de la vinculación con la colectividad[32].
* **Tema 4:** Pertinencia y eficacia de la gestión administrativa universitaria[32].

### D. Balanced Scorecard (BSC) o Cuadro de Mando Integral

El modelo utiliza el BSC de Kaplan y Norton para ejecutar la estrategia a través de **cuatro perspectivas interconectadas** (*Financiera, Grupos de Interés/Clientes, Procesos Internos y Recursos/Capacidades*)[33]. El diseño se fundamenta en la máxima de Lord Kelvin:

&gt; *""Lo que no se puede medir, no se puede evaluar; lo que no se evalúa no se puede controlar y lo que no se puede controlar no se puede mejorar""*[62].

#### Clasificación Tripartita de Indicadores en el BSC:

1. **KRIs (** **Key Result Indicators** **):** Indicadores clave de resultados macro para la alta dirección (ej. tasa global de graduación, presupuesto ejecutado)[62][66].
2. **PIs (** **Performance Indicators** **):** Indicadores de desempeño de procesos intermedios[62][66].
3. **KPIs (** **Key Performance Indicators** **):** Mediciones no financieras críticas, monitoreadas con alta frecuencia a nivel operativo (máximo 20 KPIs bajo la regla 10/80/10)[66][68].

---

## 5\. MATRIZ DE CODIFICACIÓN CUALITATIVA Y CONCLUSIONES

### A. Descriptores / Códigos para Análisis de Texto (NLP / Qualitative Data)

Para estructurar la información en tu base de datos de procesamiento de lenguaje natural o minería de texto, se sugieren los siguientes nodos temáticos extraídos del documento:

1. `[SGC_ISO_9001]` \-&gt; Enfoque de procesos, Ciclo PHVA, auditorías de calidad, satisfacción del cliente.
2. `[Evaluación_Estatal_CONEA_CONESUP]` \-&gt; Mandato 14, acreditación, licenciamiento, sesgos cuantitativos.
3. `[Dimensiones_Calidad_Educativa]` \-&gt; Eficacia, efectividad, eficiencia, congruencia curricular.
4. `[Paradigmas_Evaluativos]` \-&gt; Positivista (medición), Hermenéutico (comprensión), Crítico-Dialéctico (transformación).
5. `[Herramientas_Gestión_UPS]` \-&gt; QFD (Voz del cliente), Mapa de Procesos, BSC, Mapas Estratégicos.
6. `[Métricas_BSC]` \-&gt; KRIs (Resultados), PIs (Desempeño), KPIs (Operativos).

### B. Conclusiones Principales del Autor

1. **Comprobación de Hipótesis:** Es plenamente factible diseñar un modelo de evaluación para la educación superior articulando la normatividad estatal con los estándares ISO 9001:2008[5].
2. **Superioridad del Enfoque Integrado:** Mientras los modelos del Estado evalúan insumos y cumplimiento normativo estático, la incorporación de herramientas como QFD y BSC permite cerrar el ciclo de **mejora continua** y alinear la gestión interna con las expectativas reales de la sociedad[22].
3. **Sostenibilidad Institucional:** La calidad no debe ser abordada como un trámite o ""moda burocrática"", sino como un proceso permanente de aprendizaje organizacional comprometido con el desarrollo humano integral[69][70]."
15,unmsm,indicadores_gestion,6,"## 1\. FICHA TÉCNICA, MARCO INSTITUCIONAL Y PROPÓSITO CENTRAL Autores Principal e Investigadores: Renato Benazic Tomé (Jefe de la OCCAA), Carlos García-Bedoya Maguiña (Coordinador General), Juana Cuba Sancho (Responsable del Área de Capacitación) y Hugo Sánchez Díaz (Responsable del Área de Autoevaluación e Investigación)12.Asesoría y Soporte Técnico: Zenón Depaz Toledo (Asesor) y Franz Arce Rivera (Asistente de Informática y Estadística)2.Entidad Editora: Oficina Central de Calidad Académica y Acreditación (OCCAA) – Universidad Nacional Mayor de San Marcos (UNMSM), Lima, Perú (Primera edición: enero de 2006; ISBN: 9972-899-83-7; Depósito Legal: 2005-9767)1.Autoridades Institucionales de Respaldo: Dr. Manuel Burga Díaz (Rector), Dr. Raúl Izaguirre Maguiña (Vicerrector Académico) y Dra. Beatriz Herrera García (Vicerrectora Administrativa)2.Objeto del Documento: Ofrecer un modelo estandarizado, técnicamente validado y normado de indicadores de gestión de la calidad para diagnosticar, evaluar y monitorear el cumplimiento de la misión institucional de la UNMSM en sus áreas de investigación (definida como prioritaria), docencia y proyección social, así como en sus actividades de soporte administrativo, financiero, logístico y de bienestar34.Propósito Estratégico: Consolidar las fortalezas, corregir las debilidades, aprovechar las oportunidades y prevenir las amenazas institucionales mediante la construcción gradual de una cultura de autoevaluación, mejoramiento continuo y calidad académica, ejerciendo un rol de liderazgo en la universidad pública peruana para la equidad y la democratización social45.2. MARCO METODOLÓGICO Y FASES DE CONSTRUCCIÓN DEL SISTEMA (2005–2007)El diseño e implementación del Sistema de Indicadores de Gestión de la Calidad se articuló como un proyecto de investigación institucional encomendado por el Rectorado a la OCCAA en enero de 2005, proyectado para ejecutarse en tres fases durante un periodo de tres años5more_horiz.                     ┌────────────────────────────────────────────────────────┐
                     │ DIAGNÓSTICO E INTERNACIONALIZACIÓN (Enero - Abril 2005)│
                     │  - Revisión ANECA (España), Colombia, Cuba, Brasil     │
                     │  - Mapeo de la información producida en la UNMSM       │
                     └───────────────────────────┬────────────────────────────┘
                                                 │
                                                 ▼
                     ┌────────────────────────────────────────────────────────┐
                     │ PROPUESTA INICIAL Y FORMULACIÓN (49 Indicadores)      │
                     │  - Definición de constructos, fórmulas y fuentes      │
                     └───────────────────────────┬────────────────────────────┘
                                                 │
                                                 ▼
                     ┌────────────────────────────────────────────────────────┐
                     │ APROBACIÓN INSTITUCIONAL Y NORMATIVA LEGAL             │
                     │  - RR N.º 02340-R-05 (Aprobación del Sistema)         │
                     │  - RR N.º 03111-R-05 (Recopilación y Procesamiento)   │
                     └───────────────────────────┬────────────────────────────┘
                                                 │
                                                 ▼
                     ┌────────────────────────────────────────────────────────┐
                     │ REVISIÓN TÉCNICA Y CONSOLIDACIÓN DE FICHAS (2005-2006) │
                     │  - Reunión de trabajo con Oficinas de Calidad de      │
                     │    Facultades (21 de octubre de 2005)                 │
                     │  - Publicación oficial de la matriz parametrizada      │
                     └────────────────────────────────────────────────────────┘
A. Desglose Temporal de las Fases del ProyectoFase Inicial (2005):Diagnóstico comparativo: Análisis de experiencias internacionales en evaluación universitaria (incluyendo el modelo ANECA de España, así como sistemas de Colombia, Venezuela, Cuba y Brasil) y evaluación del flujo y calidad de la información estadística generada internamente por las dependencias de la UNMSM79.Selección y definición: Formulación del listado inicial de 49 indicadores ajustados a la visión y misión de la UNMSM, definiendo para cada uno sus constructos matemáticos y límites interpretativos910.Aprobación y aplicación piloto: Formalización legal de los indicadores y emisión de la directiva de recopilación de datos correspondiente al año académico 20047more_horiz.Fase Intermedia (2006):Implementación de procesos de monitoreo, ajustes conceptuales y fortalecimiento del sistema de captura, centralización y procesamiento de datos estadísticos a nivel central y de facultades8.Fase Final (2007):Institucionalización definitiva del uso de los indicadores como mecanismo obligatorio de evaluación de la gestión y retroalimentación permanente del Sistema de Gestión de la Calidad8.3. MARCO NORMATIVO E INSTITUCIONAL (ANEXOS RECTORALES)El sistema de indicadores cuenta con respaldo legal explícito emitido por el Rectorado de la UNMSM en el marco de la Ley Universitaria N.º 23733 y el Estatuto Universitario vigentes en su momento1112:Resolución Rectoral N.º 02340-R-05 (13 de mayo de 2005 - Anexo 1):Visto y Considerandos: Toma como antecedente la creación de la OCCAA (RR N.º 03331-R-04) y la aprobación del perfil del proyecto (RR N.º 00641-R-05). Resalta que los indicadores permitirán diagnosticar el desempeño en investigación, docencia y proyección social para construir una cultura de calidad12.Resuelve: Aprobar oficialmente el documento ""Indicadores de Gestión de la Calidad para la Universidad Nacional Mayor de San Marcos"", disponiendo su aplicación en todas las instancias académicas (Facultades) y administrativas de la universidad1112.Resolución Rectoral N.º 03111-R-05 (10 de junio de 2005 - Anexo 2):Disposiciones Operativas:Encargar a la OCCAA la centralización, supervisión, recopilación y procesamiento general de la información referida a los indicadores12.Establecer que las Oficinas de Calidad Académica y Acreditación de cada Facultad y de la Escuela de Posgrado supervisen la recopilación de datos en sus respectivos ámbitos12.Designar a la Oficina de Estadística e Informática de la Oficina General de Planificación como la Oficina Técnica responsable de recopilar y procesar la información a nivel central, coordinando con sus pares en cada Facultad12.Disponer la obligatoriedad de que todas las dependencias universitarias proporcionen oportunamente la información requerida12.4. TAXONOMÍA INTEGRAL Y MATRIZ SISTEMÁTICA DE INDICADORESEl documento sistematiza un total de 47 indicadores (tras la consolidación y ajuste del listado inicial de 49), organizados jerárquicamente en dos Grandes Áreas, las cuales se subdividen en áreas específicas13more_horiz:                                [ SISTEMA DE INDICADORES DE LA UNMSM ]
                                                  │
       ┌──────────────────────────────────────────┴──────────────────────────────────────────┐
       ▼                                                                                     ▼
[ ÁREA ACADÉMICA ]                                                          [ ÁREA DE GESTIÓN Y SOPORTE ]
 (30 Indicadores)                                                            (17 Indicadores)
       │                                                                                     │
       ├─► A. Investigación (I01 a I10 - 10 Ind.)                                           ├─► A. Administrativa (A01 a A03 - 3 Ind.)
       ├─► B. Docencia (D01 a D19 - 19 Ind.)                                                ├─► B. Financiera (F01 a F05 - 5 Ind.)
       └─► C. Proyección Social (PS01 - 1 Ind.)                                              ├─► C. Logística (L01 a L07 - 7 Ind.)
                                                                                             └─► D. Bienestar (B01 a B02 - 2 Ind.)
I. ÁREA ACADÉMICA (30 INDICADORES)A. Subárea de Investigación (Códigos I01 a I10)Comprende la medición de los insumos humanos, procesos de investigación, grado de formación avanzada de los investigadores y productos científicos generados (tesis, libros, artículos e invenciones)13.Porcentaje de Investigadores (PI - Código I01):Definición: Proporción de docentes investigadores respecto al total de docentes de la institución17.Constructo / Fórmula: $$\text{PI}(t) = \left( \frac{\text{NDI}(t)}{\text{TD}(t)} \right) \times 100\%$$ (Donde $\text{NDI}$ es el número de docentes investigadores y $\text{TD}$ el total de docentes)17.Objetivo y Fuente: Medir la dedicación docente a la investigación. Fuente: Consejo Superior de Investigaciones (CSI) y Unidades de Investigación17.Porcentaje de Investigadores con Grado de Doctor (PID - Código I02):Definición: Porcentaje de docentes investigadores que poseen el grado académico de Doctor respecto al total de investigadores13.Constructo: $$\text{PID}(t) = \left( \frac{\text{NDID}(t)}{\text{NDI}(t)} \right) \times 100\%$$13.Porcentaje de Investigadores con Grado de Magíster (PIM - Código I03):Definición: Porcentaje de docentes investigadores con grado de Magíster respecto al total de investigadores18.Constructo: $$\text{PIM}(t) = \left( \frac{\text{NDIM}(t)}{\text{NDI}(t)} \right) \times 100\%$$18.Número de Tesis de Maestría Defendidas (NTM - Código I04):Definición: Cantidad anual de tesis de maestría sustentadas y aprobadas en la Escuela de Posgrado y Unidades de Posgrado13.Constructo: $$\text{NTM}(t) = \text{Número de tesis de maestría aprobadas en el año } t$$13.Número de Tesis de Doctorado Defendidas (NTD - Código I05):Definición: Cantidad anual de tesis doctorales defendidas1319.Comentario: Una tesis doctoral representa investigación original cuyos resultados deben traducirse en publicaciones académicas19.Número de Proyectos de Investigación (NPI - Código I06):Definición: Total de proyectos de investigación ejecutados por docentes investigadores en un año determinado19.Constructo: $$\text{NPI}(t) = \text{Número total de proyectos de investigación en el año } t$$19.Producción Bibliográfica Derivada de la Investigación (PBDI - Código I07):Definición: Cantidad de libros derivados de procesos de investigación publicados por los docentes en el año20.Objetivo: Valorar la producción bibliográfica en formato libro, de especial relevancia para las áreas de Humanidades y Ciencias Sociales2021.Número de Artículos en Revistas (NAR - Código I08):Definición: Cantidad de artículos científicos o académicos publicados en revistas de circulación local o regional21.Número de Artículos en Revistas Indexadas (NARI - Código I09):Definición: Cantidad de artículos publicados por docentes en revistas científicas indexadas en bases de datos reconocidas internacionalmente22.Objetivo: Medir la producción científica de alto impacto que alcanza visibilidad en comunidades especializadas globales22.Número de Patentes (NUPA - Código I10):Definición: Cantidad de invenciones o desarrollos tecnológicos registrados y patentados por docentes de la universidad en el año23.B. Subárea de Docencia (Códigos D01 a D19)Abarca los procesos de admisión, rendimiento académico, eficiencia de titulación, posgrado y la cualificación de la planta docente1415.Presión de Selección (PS - Código D01): Relación entre el número total de postulantes y el número de ingresantes en el proceso de admisión de pregrado14.Número Total de Alumnos de Pregrado (NAPR - Código D02): Población estudiantil matriculada en programas de pregrado14.Porcentaje de Rendimiento de los Alumnos de Pregrado (PRA - Código D03):Definición: Proporción de créditos aprobados sobre el total de créditos matriculados por los estudiantes en un año24.Constructo: $$\text{PRA}(t) = \left( \frac{\text{SCAA}(t)}{\text{SCMA}(t)} \right) \times 100\%$$ (Donde $\text{SCAA}$ es la suma de créditos aprobados y $\text{SCMA}$ la suma de créditos matriculados)24.Duración Promedio de los Estudios de Pregrado (DPE - Código D04): Tiempo real (en semestres o años) que le toma a un estudiante culminar el plan de estudios14.Porcentaje de Graduados (PG - Código D05): Proporción de estudiantes que obtienen el grado académico de Bachiller respecto a su cohorte de ingreso14.Porcentaje de Titulados (PT - Código D06): Proporción de graduados que obtienen el Título Profesional14.Densidad por Sección (DS - Código D07): Promedio de estudiantes matriculados por aula o grupo de clase14.Índice de Egresados que Laboran en su Profesión (IELP - Código D08): Porcentaje de egresados que ejercen actividades laborales vinculadas directamente a su especialidad profesional14.Oferta de Maestría (OM - Código D09): Número de programas de maestría en funcionamiento14.Oferta de Doctorado (OD - Código D10): Número de programas de doctorado activos14.Presión de Selección a Postgrado (PSPO - Código D11): Ratio entre postulantes e ingresantes a las Unidades de Posgrado14.Número Total de Alumnos de Postgrado (NAPO - Código D12): Matrícula total en programas de maestría y doctorado14.Porcentaje de Egresados de Maestría (PEM - Código D13): Proporción de estudiantes de maestría que culminan sus estudios y sustentan tesis14.Porcentaje de Egresados de Doctorado (PED - Código D14): Proporción de doctorandos que obtienen el grado14.Porcentaje de Docentes Nombrados a Tiempo Completo y Dedicación Exclusiva (PDN - Código D15): Ratio de la planta docente contratada con jornada de 40 horas o dedicación exclusiva respecto al total de docentes1415.Porcentaje de Docentes con Grado de Doctor (PDD - Código D16): Proporción de la plana docente total que posee el grado de Doctor15.Porcentaje de Docentes con Grado de Magíster (PDM - Código D17): Proporción de la plana docente con grado de Magíster15.Producción Bibliográfica Derivada de los Procesos de Docencia (PBDD - Código D18): Cantidad de textos universitarios, manuales de laboratorio y guías de enseñanza elaborados por docentes15.Índice de Alumnos por Docente (IAD - Código D19): Relación cuantitativa entre la población estudiantil total y el número total de docentes ordinarios/contratados15.C. Subárea de Proyección Social (Código PS01)Número Total de Proyectos (NTP - Código PS01):Definición: Cantidad de proyectos de proyección social, extensión universitaria y asistencia técnica ejecutados en beneficio de la comunidad1525.Comentario de la OCCAA: Mide la vinculación cualitativa con el entorno social, aunque se señala la necesidad de debatir conceptualmente la proyección social para estructurar indicadores de impacto de mayor profundidad25.II. ÁREA DE GESTIÓN Y SOPORTE (17 INDICADORES)A. Subárea Administrativa (Códigos A01 a A03)Índice de Trabajadores por Docente (ITD - Código A01): Relación entre el número de empleados administrativos (nombrados y contratados) y el número de docentes1525.Índice de Apoyo Administrativo a la Actividad Académica (IAA - Código A02): Proporción del personal administrativo asignado directamente a labores de soporte en Facultades y laboratorios frente al personal de la administración central15.Índice de Profesionalización Administrativa (IPA - Código A03): Porcentaje del personal administrativo que cuenta con título profesional universitario o grado técnico15.B. Subárea Financiera (Códigos F01 a F05)Índice de Ejecución Presupuestaria (IEP - Código F01): Porcentaje del presupuesto devengado/ejecutado sobre el presupuesto institucional modificado (PIM) en el año16.Tasa de Inversión (TI - Código F02): Proporción del gasto destinado a bienes de capital e infraestructura respecto al gasto corriente16.Inversión en Investigación y Postgrado (IIP - Código F03): Monto y porcentaje del presupuesto gastado en proyectos del CSI y fondos de posgrado16.Índice de Inversión en Laboratorio (IIL - Código F04): Porcentaje de recursos asignados al equipamiento, mantenimiento y reactivos para laboratorios de docencia e investigación16.Inversión por Estudiante (IPE - Código F05): Gasto medio anual ejecutado por la universidad por cada estudiante matriculado16.C. Subárea Logística (Códigos L01 a L07)Número Total de Volúmenes en Bibliotecas (TVB - Código L01): Acervo bibliográfico físico acumulado en la Biblioteca Central y bibliotecas de Facultad16.Número de Títulos Adquiridos (TA - Código L02): Cantidad de nuevos títulos comprados o recibidos por donación en el año16.Número de Suscripciones a Revistas (SR - Código L03): Cantidad de suscripciones vigentes a revistas impresas y bases de datos bibliográficas virtuales16.Nivel de Uso de Biblioteca (NUB - Código L04): Frecuencia y promedio de préstamos de libros por estudiante al año16.Computadoras por Estudiante (CE - Código L05): Proporción de computadoras disponibles para uso académico estudiantil por número de alumnos16.Densidad de Alumnos por Metro Cuadrado de Aulas (DA - Código L06): Espacio físico disponible (m²) por estudiante en aulas lectivas16.Densidad de Alumnos por Metro Cuadrado de Laboratorios (DL - Código L07): Área física normada (m²) disponible por alumno en talleres y laboratorios16.D. Subárea de Bienestar Universitario (Códigos B01 a B02)Porcentaje de Usuarios de los Programas de Cuidado de la Salud (PUS - Código B01): Cobertura de atención médica, psicológica y preventiva prestada por la Clínica Universitaria y los servicios de bienestar estudiantil17.Número de Eventos Culturales y Deportivos en el Año (ECD - Código B02): Cantidad de actividades de extensión cultural, artística y torneos deportivos organizados para la comunidad universitaria1217.5. ESTRUCTURA TÉCNICA DE LAS FICHAS DE INDICADORCada indicador contenido en el manual oficial está formalizado bajo un esquema parametrizado compuesto por ocho campos estandarizados26:Campo de la FichaDescripción Técnica y Función en el ModeloCódigoIdentificador alfanumérico único (I = Investigación, D = Docencia, PS = Proyección Social, A = Administrativa, F = Financiera, L = Logística, B = Bienestar)1726.DenominaciónNombre oficial simplificado del indicador1726.DefiniciónExplicación conceptual clara del fenómeno o variable que se pretende medir1726.ConstructoExpresión matemática, fórmula algebraica o algoritmo de cálculo con la descripción explícita de sus componentes1726.ObjetivoPropósito estratégico del indicador en la evaluación de la calidad2026.Aspectos MetodológicosPrecauciones técnicas, periodicidad de recolección (anual o semestral) y criterios de inclusión/exclusión de datos26.ComentariosAnotaciones críticas de la OCCAA sobre el alcance, restricciones o sesgos del indicador19more_horiz.FuenteUnidades organizacionales responsables de suministrar la información primaria (ej. CSI, Unidades de Investigación, Oficina de Planificación, Facultades)12more_horiz.6. MATRIZ DE DESCRIPTORES Y VARIABLES PARA ANÁLISIS COMPUTACIONAL DE TEXTO (NLP)Para la digitalización, codificación cualitativa e integración de este documento en bases de datos analíticas, se presenta la siguiente estructura de descriptores temáticos y variables operativas:A. Nodos Temáticos y Códigos Cualitativos[OCCAA_UNMSM] $\rightarrow$ Autoevaluación institucional, acreditación, modelo sanmarquino, gestión por indicadores.[Investigacion_Prioritaria] $\rightarrow$ Docente investigador, proyectos CSI, publicaciones indexadas (NARI), patentes, tesis de posgrado.[Docencia_Calidad] $\rightarrow$ Rendimiento académico, retención, tasa de titulación, cualificación docente (Maestría/Doctorado), dedicado a tiempo completo.[Gestion_Soporte_Financiero] $\rightarrow$ Ejecución presupuestal (IEP), gasto por alumno, inversión en laboratorios, fondos para investigación.[Infraestructura_Logistica] $\rightarrow$ Aforo por m², acervo bibliográfico, acceso a bases virtuales, equipamiento informático.[Cultura_Autoevaluacion] $\rightarrow$ Resoluciones Rectorales, liderazgo público, mejora continua, aseguramiento de la calidad.B. Síntesis Comparativa en la Gobernanza UniversitariaA diferencia del PEI 2026-2030 de la UNMSM (que organiza los objetivos bajo la metodología CEPLAN) o del estudio de Pesántez Avilés (que contrasta la norma ISO 9001 con el Mandato 14 de Ecuador), el documento de la OCCAA representa un modelo propio de autoestandarización métrica, elaborado internamente por la universidad pública antes de la promulgación de la Ley 30220 y la creación de la SUNEDU, constituyendo un hito histórico de autogobierno y autorregulación académica en el Perú"
16,sunedu,informe_bienal,7,"## 1\. FICHA TÉCNICA, MARCO INSTITUCIONAL Y ENFOQUES TRANSVERSALES Entidad Emisora: Superintendencia Nacional de Educación Superior Universitaria (SUNEDU), Organismo Público Técnico Especializado adscrito al Ministerio de Educación (MINEDU) del Perú12.Aprobación Oficial: Aprobado el 17 de diciembre de 2021 mediante el Acuerdo de Consejo Directivo N.º 05-056-20211.Coordinación General y Procesamiento: Coordinación general a cargo de Manuel Etesse Ruiz de Somocurcio, con procesamiento de datos por Andy Inga Martel y Melissa Villegas Quispe, y revisión técnica de la Dirección de Licenciamiento (Dilic), Dirección de Supervisión (Disup), Dirección de Fiscalización y Sanción (Difisa) y la Dirección de Información, Grados y Títulos (Digrat)13.Período de Referencia de los Datos: Quinquenio del primer licenciamiento institucional (2016–2021), con énfasis en la coyuntura del bienio 2019–2020 y datos actualizados al primer semestre de 20214more_horiz.Marcos Normativos e Instrumentos de Política de Sustento:Ley General de Educación (Ley N.º 28044): Define la calidad como el nivel óptimo de formación para el desarrollo humano y ejercicio ciudadano (Art. 13) y la educación superior como segunda etapa del sistema (Art. 49)7.Ley Universitaria (Ley N.º 30220): Asigna a la SUNEDU la responsabilidad del licenciamiento y la elaboración del informe bienal sobre la realidad universitaria28.Política Nacional de Educación Superior y Técnico-Productiva (PNESTP al 2030): Articula el informe con los Objetivos Prioritarios OP2 (formación integral), OP3 (desempeño docente), OP4 (autonomía institucional), OP5 (gobernanza) y OP6 (investigación e innovación)7.Proyecto Educativo Nacional al 2036 (PEN 2036): Orientación estratégica N.º 7 sobre autonomía, descentralización y equidad libre de discriminación7.Ejes Tripartitos del Enfoque Analítico:Calidad: Verificación de las Condiciones Básicas de Calidad (CBC), efectividad pedagógica e impacto de la producción científica27.Equidad: Medición de las brechas de acceso, permanencia y graduación según sexo, nivel socioeconómico (NSE), región geográfica, área de residencia y lengua materna910.Diversidad: Reconocimiento de los diferentes perfiles institucionales (públicas, privadas asociativas y privadas societarias) y de las particularidades territoriales (Lima, Costa, Sierra y Selva)510.2. DOS HITOS ESTRUCTURALES DEL PERÍODO DE ESTUDIO (2016–2021)El informe fundamenta sus hallazgos en la intersección de dos eventos clave que transformaron el sistema universitario peruano411:┌─────────────────────────────────────────────────────────────────────────────────┐
│ HITO 1: CULMINACIÓN DEL PRIMER LICENCIAMIENTO INSTITUCIONAL (2016 - 2021)       │
│  - Evaluación de 141 universidades y 4 escuelas de posgrado (145 en total)     │
│  - Depuración de la oferta deficiente: 51 denegadas (96% fallaron en 6 o 7 CBC) │
│  - Desistimiento preventivo: 266 locales y >5,000 programas descontinuados       │
└────────────────────────────────────────┬────────────────────────────────────────┘
                                         │
                                         ▼
┌─────────────────────────────────────────────────────────────────────────────────┐
│ HITO 2: CRISIS SANITARIA DE LA COVID-19 Y EDUCACIÓN REMOTA DE EMERGENCIA (2020) │
│  - Caída de la matrícula: -15.7% en pregrado y -27.7% en posgrado               │
│  - Aumento del abandono: Tasa de interrupción pasó de 6% (2019) a 18% (2020)   │
│  - Brechas digitales: 22% sin internet y 20% sin computadora en el hogar        │
└─────────────────────────────────────────────────────────────────────────────────┘
La Culminación del Primer Licenciamiento Institucional: Procedimiento obligatorio que evaluó a 145 instituciones (141 universidades y 4 escuelas de posgrado)6. Resultó en el otorgamiento de licencia a 94 instituciones (92 universidades y 2 escuelas de posgrado) y la denegatoria a 51 instituciones (49 universidades y 2 escuelas de posgrado)5more_horiz. Este proceso depuró el mercado de ofertas precarias y forzó el desistimiento voluntario de 266 locales y más de 5,000 programas académicos que no garantizaban estándares mínimos de calidad13.El Impacto de la Pandemia de COVID-19: El inicio del estado de emergencia nacional en marzo de 2020 obligó al tránsito intempestivo hacia la educación remota de emergencia1115. Puso a prueba la conectividad, la infraestructura tecnológica, la salud mental y la estabilidad socioeconómica de estudiantes y docentes, visibilizando profundas desigualdades estructurales9more_horiz.3. DESGLOSE ANALÍTICO POR CAPÍTULOSCAPÍTULO 1: INSTITUCIONES: OFERTA Y FINANCIAMIENTO1.1. Balance del Primer Licenciamiento InstitucionalEstructura del Licenciamiento: Verificación del cumplimiento de 8 Condiciones Básicas de Calidad (CBC) agrupadas en 55 indicadores para la oferta existente1819.Brechas entre Licenciadas y Denegadas:Universidades Licenciadas (94 IES): Cumplimiento del 100% de los indicadores evaluados1318.Universidades Denegadas (51 IES): Incumplieron en promedio más de seis de cada diez indicadores (60%)13. El 96% de las denegadas falló en 6 o 7 CBC exigidas13.Puntos Críticos de Incumplimiento: Las mayores tasas de fallo en universidades denegadas se registraron en Plan de Gestión de Calidad (96.1%), Selección y Evaluación Docente (94.1%), Código de Ética (92.2%), Protección de la Propiedad Intelectual (90.2%), Transparencia (88.2%) y Líneas/Órganos de Investigación (84.3%)12.Perfil de las Instituciones Denegadas: El 70.6% eran privadas societarias (36 de 51) y el 23.5% privadas asociativas (12 de 51), mientras que solo 3 eran públicas520. Asimismo, el 76.5% de las denegadas tenía menos de 20 años de antigüedad21.Sinceramiento de la Oferta (Desistimientos):Locales Desistidos: 95 universidades cerraron voluntariamente 266 locales con deficiencias de infraestructura (el 53% pertenecía a societarias de la Sierra/Costa y públicas de la Sierra)13more_horiz.Programas Desistidos: Se retiraron 5,137 programas académicos desactualizados o sin sustento (58.5% bachilleratos, 27.1% maestrías, 10.8% segundas especialidades y 3.7% doctorados)2223. El 75.4% de los programas de pregrado desistidos pertenecía al campo de Educación8.  DESISTIMIENTO DE PROGRAMAS ACADÉMICOS SEGÚN NIVEL DE ESTUDIO (5,137 TOTAL)
  ┌────────────────────────────────────────────────────────┬──────────┐
  │ Nivel de Estudio                                       │ % Total  │
  ├────────────────────────────────────────────────────────┼──────────┤
  │ Pregrado (Bachillerato)                                │  58.5%   │
  │ Maestrías                                              │  27.1%   │
  │ Segundas Especialidades                                │  10.8%   │
  │ Doctorados                                             │   3.7%   │
  └────────────────────────────────────────────────────────┴──────────┘
1.2. Configuración de la Oferta Universitaria LicenciadaComposición por Tipo de Gestión:Públicas: 46 universidades (48.9% del total de licenciadas)524.Privadas Asociativas: 29 universidades y 1 escuela de posgrado (31.9%)524.Privadas Societarias: 17 universidades y 1 escuela de posgrado (19.1%)524.Desigualdad Territorial de la Oferta:El 52% de las sedes institucionales licenciadas se concentra en solo 3 departamentos: Lima (37.2%), Junín y La Libertad2425.12 departamentos (principalmente en la Amazonía y Sierra sur) cuentan únicamente con 1 o 2 universidades (casi exclusivamente públicas)25. En regiones como Ica y Lambayeque, las universidades públicas principales tuvieron licencia denegada, generando vacíos críticos de oferta pública24.Oferta Efectiva de Programas Académicos (7,376 programas en 358 locales):Estructura por Nivel: 43.7% Bachillerato, 24.1% Segunda Especialidad, 27.0% Maestría y 5.2% Doctorado2426.Concentración Disciplinar en Pregrado: Tres familias de carreras concentran más del 56% de la matrícula y programas: Ciencias Administrativas y Derecho (24%), Ingeniería, Industria y Construcción (19%) y Educación (13%)24.Predominio Privado en Pregrado: Las universidades privadas ofertan el 62.6% de los programas de bachillerato (las privadas societarias solas explican el 70.6% de su oferta concentrada en pregrado)2426.1.3. Financiamiento de la Educación Superior (2010–2020)Brecha entre el Sector Público y Privado:Universidades Privadas: Experimentaron una expansión masiva de ingresos. Las universidades privadas societarias pasaron de recaudar S/ 1,991.9 millones en 2014 a S/ 3,559.9 millones en 2018 (crecimiento acumulado superior al 78%)2427.Universidades Públicas: El presupuesto asignado por el Tesoro Público se duplicó en la década, alcanzando aproximadamente S/ 5,000 millones en 2020, pero sufrió dos contracciones presupuestales severas durante el período24.Composición de los Recursos Públicos (2020):Recursos Ordinarios (RO): Representan el 63.3% del presupuesto público total a nivel nacional (alcanzando el 79.9% en la Selva y 65.9% en Lima)27.Recursos Directly Recaudados (RDR): Constituyen el 19.2% a nivel nacional27.Canon, Sobrecanon y Regalías (Recursos Determinados): Representan el 11.4% nacional, pero con alta concentración regional (explican el 20.5% del presupuesto universitario en la Costa y 18.2% en la Sierra)27.CAPÍTULO 2: ESTUDIANTES: TRAYECTORIAS, MATRÍCULA Y DERECHOS2.1. Acceso y SelectividadBrechas de Acceso Temprano (2020): Tras culminar la educación secundaria, solo el 29% de los jóvenes peruanos accede a la educación universitaria9. En posgrado, el acceso se limita al 10% de los adultos jóvenes9.Selectividad Asimétrica según Gestión: Las universidades públicas mostraron una selectividad promedio seis veces mayor que las privadas. Mientras en la universidad pública ingresa cerca de 1 de cada 6 u 8 postulantes, en las privadas societarias la tasa de admisión superó el 70%–80%9.Determinantes Estructurales del Acceso: Modelos de regresión multivariada demuestran que la probabilidad de acceder a la universidad se duplica en jóvenes cuyos padres tienen educación superior completa (50.7%) frente a aquellos cuyos padres no completaron la básica (17.0%), y es cuatro veces mayor en el cuartil de mayor gasto (C4: 36.0%) frente al cuartil más pobre (C1: 9.2%)28.PROBABILIDAD DE ACCESO A LA UNIVERSIDAD SEGÚN CUARTIL DE GASTO DEL HOGAR (ENAHO 2020)
  40% ┌───────────────────────────────────────────────────────────────┐
      │                                                     36.0%     │
  30% │                                                    ┌──────┐   │
      │                                                    │      │   │
  20% │                                17.3%               │      │   │
      │              13.0%            ┌──────┐             │      │   │
  10% │  9.2%       ┌──────┐          │      │             │      │   │
      │ ┌──────┐    │      │          │      │             │      │   │
   0% └─┴──────┴────┴──────┴──────────┴──────┴─────────────┴──────┴───┘
        Cuartil 1   Cuartil 2        Cuartil 3            Cuartil 4
       (Más pobre)                                       (Más rico)
2.2. Evolución de la Matrícula y Estructura EstudiantilContracción de la Matrícula por Pandemia (2019 vs. 2020):Pregrado: Se redujo en un 15.7%, pasando de más de 1.5 millones a 1.3 millones de estudiantes matriculados en 2020916.Posgrado: Registró una caída crítica del 27.7%, reduciéndose a 95 mil estudiantes (afectando principalmente a las maestrías)916.Distribución de la Matrícula de Pregrado:Por Región: El 64% reside en Lima y la Costa916.Por Tipo de Gestión: El 65.5% está matriculado en universidades privadas (41.5% en societarias y 24.0% en asociativas), mientras que el 34.5% cursa en universidades públicas916.Sesgo de Género por Disciplinas: Las mujeres representan la mayoría en Salud y Bienestar (68%), Educación (62%) y Ciencias Sociales (60%). Los hombres duplican la presencia femenina en Ingeniería, Industria y Construcción (67% vs. 33%) y en Tecnologías de la Información (81% vs. 19%)16.2.3. Aseguramiento, Conectividad y Condiciones en PandemiaDesprotección en Salud (Art. 126 Ley 30220): Durante el primer año de la pandemia, el 42% de los estudiantes de pregrado no contaba con ningún seguro de salud916. La desprotección afectó más a los hombres (solo 55% asegurados). El Seguro Integral de Salud (SIS) cubrió al 79% de los asegurados en universidades públicas16.Brecha Digital en el Hogar:El 22% de los estudiantes no tenía conexión a internet en su vivienda916.El 20% no contaba con una computadora o laptop de uso residencial916.En la Amazonía y en el quintil socioeconómico bajo, el 35% dependía exclusivamente de teléfonos móviles con datos para seguir las clases virtuales1629.Tasa de Interrupción de Estudios (Deserción Temporada/Definitiva):La tasa interanual de abandono en pregrado se triplicó a nivel nacional, pasando de 6% en 2019 a 18% en 202016.Desagregación por Gestión: La interrupción alcanzó su punto más severo en universidades privadas societarias (25.6%) y privadas asociativas (18.1%), mientras que en la universidad pública fue del 8.6%1630.Factores de Vulnerabilidad: Los hombres de nivel socioeconómico bajo tuvieron 8 veces más probabilidades de interrumpir sus estudios que sus pares de ingresos altos9. Las mujeres de lengua materna nativa y con alta carga de dependencia familiar registraron una probabilidad 3 veces mayor de interrupción916.  TASA DE INTERRUPCIÓN DE ESTUDIOS DE PREGRADO SEGÚN TIPO DE GESTIÓN (2019 VS. 2020)
  ┌───────────────────────────────┬────────────┬────────────┬───────────────────┐
  │ Tipo de Gestión               │ Tasa 2019  │ Tasa 2020  │ Incremento (x)    │
  ├───────────────────────────────┼────────────┼────────────┼───────────────────┤
  │ Privada Societaria            │    8.7%    │   25.6%    │   2.94 veces      │
  │ Privada Asociativa            │    4.5%    │   18.1%    │   4.02 veces      │
  │ Pública                       │    3.1%    │    8.6%    │   2.77 veces      │
  ├───────────────────────────────┼────────────┼────────────┼───────────────────┤
  │ Total Nacional                │    6.0%    │   18.0%    │   3.00 veces      │
  └───────────────────────────────┴────────────┴────────────┴───────────────────┘
2.4. Traslado de Estudiantes de Universidades DenegadasAl primer semestre de 2021, un universo de 186,050 estudiantes pertenecía a las 51 IES con licencia denegada31.Distribución de Trayectorias: El 48.9% continuó matriculado en la universidad de origen (bajo planes de cese progresivo hasta por 5 años), el 26.6% se trasladó a una universidad licenciada mediante convenios o libre competencia, y el 24.5% logró egresar antes del cierre definitivo31.CAPÍTULO 3: DOCENCIA: CONDICIONES, GRADOS Y DESARROLLO PROFESIONAL3.1. Estructura y Composición de la Plana DocenteAdecuación a las Exigencias de la Ley 30220 (Art. 82 - Grados Académicos):La proporción de puestos docentes con posgrado (Maestría o Doctorado) aumentó del 55% (en 2015) al 78% en 202032.Puestos docentes con grado de Doctor: Creció levemente del 18% al 20% a nivel nacional32.Régimen de Dedicación Laboral (Cumplimiento del Mínimo Legal del 25% - Art. 83):La proporción nacional de puestos docentes a tiempo completo (TC) creció del 25% al 41% entre 2015 y 202032.Brecha Público-Privada: Las universidades privadas duplicaron su tasa de contratación a TC (pasando de 14% a 28%)32. Sin embargo, el 60% de los docentes del país sigue contratado a tiempo parcial (TP), cifra que alcanza el 68% en las universidades de Lima y el 94% en las privadas societarias (donde la carrera docente es casi inexistente)32.3.2. Ratios Pedagógicos y Carga LectivaRatio Estudiantes por Docente a Tiempo Completo: Promedio nacional de 44.5 estudiantes por docente TC32.Disparidad Extrema: Las universidades privadas societarias de la Costa y Sierra registraron los ratios más críticos, con 84 y 77 estudiantes por docente TC, respectivamente3233. En la universidad pública, el ratio promedió 21.6 en Lima y 20.7 en la Sierra33.Carga Lectiva Semanal (Horas de Clase frente a Aula):Promedio nacional para docentes TC: 24.4 horas lectivas semanales32.Sobrecarga Regional: Los docentes de la Selva registraron la mayor carga lectiva del país, alcanzando un promedio de 34.8 horas semanales de dictado, lo que limita severamente el tiempo disponible para investigación o tutoría3233.3.3. Brechas de Género en la Carrera Docente y Gobierno UniversitarioProgresión Profesoral Femenina (""Techo de Cristal""):Ingreso a la Carrera Docente: El 35% de los hombres docentes ha ingresado a la carrera docente ordinaria, frente al 28% de las mujeres32.Categorías Altas: Entre los docentes ordinarios, el 70% de los hombres ostenta la categoría de Asociado o Principal, frente al 64% de las mujeres32.Segregación en Cargos de Alta Dirección (2016 vs. 2021):Rectorados: En 2021, el 87.9% de los rectorados estaba ocupado por hombres y solo el 12.1% por mujeres (registrando incluso un retroceso respecto al 13.4% de 2016)3234.Vicerrectores: 70.8% hombres vs. 29.2% mujeres34.Decanatos / Direcciones de Escuela: El 77.5% de los decanatos está conducido por hombres y el 22.5% por mujeres3234. En facultades de Ingeniería y Agronomía, la presencia de decanas fue inferior al 5%, e inexistente en Tecnologías de la Información34. Las mujeres solo alcanzaron representación relevante en decanatos de Salud (41.3%) y Educación (33.9%)34.  REPRESENTACIÓN DE GÉNERO EN CARGOS DE GOBIERNO UNIVERSITARIO (SUNEDU 2021)
  100% ┌──────────────────────────────────────────────────────────────────┐
       │  87.9%              70.8%              77.5%             65.3%   │
   80% │ ┌──────┐           ┌──────┐           ┌──────┐          ┌──────┐ │  ■ Hombres
       │ │      │           │      │           │      │          │      │ │  □ Mujeres
   60% │ │      │           │      │           │      │          │      │ │
       │ │      │           │      │           │      │          │      │ │
   40% │ │      │           │      │           │      │          │      │ │
       │ │      │           │      │           │      │          │      │ │
   20% │ │      │ 12.1%     │      │ 29.2%     │      │ 22.5%    │      │ 34.7%
       │ │      │┌──────┐   │      │┌──────┐   │      │┌──────┐  │      │┌──────┐
    0% └─┴──────┴┴──────┴───┴──────┴┴──────┴───┴──────┴┴──────┴──┴──────┴┴──────┴
           Rectorados        Vicerrectores       Decanatos      Sec. Generales
CAPÍTULO 4: INVESTIGACIÓN: FORMACIÓN, INVESTIGADORES Y DESEMPEÑO INSTITUCIONAL4.1. Formación DoctoralDéficit en Ciencias Básicas e Ingenierías: El sistema presenta un déficit estructural de programas de doctorado científico. El 60% de los programas de doctorado activos se concentra en Ciencias Sociales y Educación, mientras que las Ciencias Naturales, Exactas e Ingenierías representan conjuntamente menos del 20% de la oferta doctoral35.4.2. Docentes Investigadores y Registro RENACYTCrecimiento de Investigadores Registrados: Entre 2018 y 2020, el número de docentes universitarios inscritos en el Registro Nacional Científico, Tecnológico y de Innovación Tecnológica (RENACYT / CONCYTEC) se incrementó en un 20%36.Distribución de Investigadores por Tipo de Gestión e Investigaciones:Universidades Públicas: Albergaban al 59.9% de los investigadores RENACYT del país37. Sus áreas predominantes son Ciencias Naturales (21.2%), Ciencias Agrícolas e Ingenierías38.Privadas Asociativas: Concentran el 28.7% de investigadores, liderando en Ciencias Sociales (28.9%) y Salud (22.5%)3738.Privadas Societarias: Concentran el 25.6% de investigadores, con fuerte orientación a Ciencias de la Salud (27.4%) y Ciencias Sociales (24.0%)3738.Brecha de Género en Investigadores RENACYT:El 72.3% de los investigadores registrados son hombres y solo el 27.7% son mujeres37.Subrepresentación en la Categoría Superior (Carlos Monge): El 41.5% de los hombres investigadores alcanzó el nivel superior (Carlos Monge), frente a solo el 36.5% de las mujeres (concentradas mayoritariamente en la categoría inicial María Rostworowski - 63.5%)37.4.3. Desempeño y Producción Científica Indexada (Scopus y Web of Science)Crecimiento de la Producción Científica: La producción bibliográfica universitaria peruana se cuadruplicó entre 2014 y 2020, impulsada por los incentivos del licenciamiento y fondos de investigación14.Tipología de Publicaciones en Scopus:67.3% Artículos científicos originales (journal articles)39.14.8% Capítulos de libro39.12.8% Resúmenes y actas de congresos (conference papers)39.5.0% Revisiones de literatura (reviews)39.Orientación Disciplinar según Gestión:Universidad Pública: El 48.7% de su producción indexada corresponde a Ciencias Naturales y Exactas, seguido de Ciencias de la Salud (21.8%) e Ingeniería (11.5%)39.Privada Societaria: El 49.0% corresponde exclusivamente a Ciencias de la Salud39.4.4. Propiedad Intelectual y Patentes (INDECOPI)Liderazgo de la Universidad Pública: Las universidades públicas licenciadas de Lima concentran el 43% de las patentes universitarias vigentes en el Instituto Nacional de Defensa de la Competencia y de la Protección de la Propiedad Intelectual (INDECOPI), encabezadas por la Universidad Nacional Mayor de San Marcos (UNMSM) y la Universidad Nacional de Ingeniería (UNI)40.CAPÍTULO 5: EGRESADOS: INSERCIÓN LABORAL, CONDICIONES DE EMPLEO Y PERCEPCIONES5.1. Registro de Grados y TítulosDinámica de Registro en SUNEDU (2015–2020):El Registro Nacional de Grados y Títulos (RNGT) mostró un crecimiento constante de títulos registrados, pasando de 103,300 en 2015 a un pico de 352,100 registros en 201941.En 2020, debido al cierre de actividades presenciales e interrupciones administrativas por la pandemia, los registros cayeron a 198,400 diplomas registrados41.Títulos del Extranjero: El reconocimiento de grados emitidos en el extranjero alcanzó un máximo de 9,600 en 2019, reduciéndose a menos de 6,000 en 202041.5.2. Empleabilidad y Tiempos de Inserción FormalSubempleo Profesional Persistente: Se estima que cerca del 38% a 40% de los egresados universitarios padece de subempleo por competencias (desempeñando ocupaciones que no requieren formación universitaria) o trabaja en el sector informal.Tiempo Promedio para el Primer Empleo Formal Asalariado:Variación según carrera: Los egresados de Ciencias de la Salud (Medicina, Enfermería) e Ingeniería Civil tardan en promedio entre 3 y 6 meses en insertarse en la formalidad laboral42.Los egresados de Humanidades, Artes y Ciencias Sociales registran los mayores tiempos de espera para un empleo formal, superando los 12 a 18 meses42.Mecanismos Institucionales de Inserción (Bolsas de Trabajo y Seguimiento): Las universidades licenciadas implementaron en un 92% oficinas de seguimiento al egresado y alianzas estratégicas con empleadores, frente a menos del 12% en instituciones denegadas42.4. SISTEMA DE RANKINGS DE UNIVERSIDADES INCLUIDO EN EL INFORMEEl capítulo 4 y el Anexo Metodológico introducen dos mediciones oficiales calculadas por la SUNEDU con metodologías normalizadas43more_horiz:  METODOLOGÍA DEL RANKING EXCELENCIA 2021 (PONDERACIÓN DE INDICADORES EN SCOPUS/WOS)
  ┌────────────────────────────────────────────────────────┬─────────────┐
  │ Indicador de Desempeño                                 │ Ponderación │
  ├────────────────────────────────────────────────────────┼─────────────┤
  │ Número de publicaciones en revistas Nature & Science   │     20%     │
  │ Artículos en revistas altamente citadas (HiCi)         │     20%     │
  │ Producción científica total en revistas indexadas(PUB) │     20%     │
  │ Premios Nobel y Medallas Fields entre graduados/docentes│    20%     │
  │ Artículos indexados por docente (Productividad PCP)    │     10%     │
  │ Desempeño académico de egresados destacados (Alumni)   │     10%     │
  └────────────────────────────────────────────────────────┴─────────────┘
Ranking Histórico de Instituciones Universitarias (1980–2020):Evalúa la trayectoria acumulada de producción científica, impacto bibliométrico e infraestructura4344.Posiciones Destacadas: Liderado históricamente por la Universidad Peruana Cayetano Heredia (UPCH - 1.° lugar) y la Pontificia Universidad Católica del Perú (PUCP - 2.° lugar), seguidas por la Universidad Nacional Mayor de San Marcos (UNMSM - 3.° lugar), la Universidad Nacional Agraria La Molina (UNALM - 5.°) y la Universidad Nacional de San Agustín de Arequipa (UNSA - 8.°)5.Ranking Excelencia 2021:Utiliza una fórmula de estandarización min-max basada en 6 indicadores ponderados sobre la base de datos Scopus e Incites45: $$\text{Ind.ponderado}^z = 0.1\,\text{Alumni}^z + 0.2\,\text{Award}^z + 0.2\,\text{HiCi}^z + 0.2\,N\&S^z + 0.2\,\text{PUB}^z + 0.1\,\text{PCP}^z$$Destaca la descentralización de la excelencia científica, ubicando a universidades públicas regionales (UNSA de Arequipa, UNSAAC del Cusco, UNT de Trujillo y UNAP de Loreto) en los primeros puestos por su impacto bibliométrico e investigación en recursos naturales y salud tropical4045.5. ESTRUCTURA METODOLÓGICA Y FUENTES DE INFORMACIÓN (ANEXO METODOLÓGICO)El informe integra 9 bases de datos administrativas y encuestas nacionales para garantizar la validez estadística18more_horiz:Fuente de InformaciónEntidad AdministradoraDatos Extraídos y ProcesamientoSIU (Sistema de Información Universitaria)SUNEDUCenso de docentes, matrícula, programas, locales y autoridades4649.Dilic / Disup / Difisa / DigratSUNEDU (Órganos de línea)Expedientes de licenciamiento, indicadores CBC, sanciones y RNGT1846.ENAHO (Encuesta Nacional de Hogares)INEIEstimación de matrícula, tasas de interrupción, ingresos y brechas socioeconómicas (módulos trimestrales Q2 y Q4)4648.Plataforma de Transparencia EconómicaMEFPresupuesto institucional modificado (PIM), ejecución del gasto y fuentes de financiamiento público47.RENACYT / DINA / SINAISCONCYTECRegistro de docentes investigadores, calificación por niveles y áreas OCDE3738.Scopus / Web of Science (WoS)Elsevier / ClarivatePublicaciones indexadas, citas, índice h institucional y rankings43more_horiz.PRONABECMINEDUAsignación de Beca 18, becas de permanencia y créditos educativos48.INDECOPIINDECOPISolicitud, otorgamiento y vigencia de patentes de invención y modelos de utilidad4748.Depósito LegalBiblioteca Nacional del Perú (BNP)Registro de producción bibliográfica y libros impresos por universidades47.6. MATRIZ DE DESCRIPTORES Y VARIABLES PARA ANÁLISIS COMPUTACIONAL DE TEXTO (NLP)Para la digitalización, extracción de entidades, modelado de temas o codificación cualitativa dentro de tu base de datos, se sugiere la siguiente taxonomía de códigos:Nodos Temáticos y Etiquetas Sugeridas[Licenciamiento_CBC_SUNEDU] $\rightarrow$ Indicadores incumplidos, denegatoria, descontinuación de locales, programas desistidos, Modelo de Renovación 20218more_horiz.[Brechas_Acceso_y_Permanencia] $\rightarrow$ Selectividad pública/privada, deserción 2020, tasa de interrupción, brecha digital, vulnerabilidad por NSE/lengua materna9more_horiz.[Adecuacion_Docente_Ley_30220] $\rightarrow$ Porcentaje a tiempo completo, posgrado obligatorio, sobrecarga lectiva, ratio alumno/docente, techo de cristal3234.[Desempeno_Cientifico_y_RENACYT] $\rightarrow$ Publicaciones Scopus/WoS, producción por áreas OCDE, patentes INDECOPI, investigadores RENACYT, brecha de género en ciencia37more_horiz.[Financiamiento_y_Presupuesto] $\rightarrow$ Recursos ordinarios (RO), RDR, canon minero, ingresos societarios, brecha presupuestal público-privada2427.[Rankings_y_Evaluacion_Institucional] $\rightarrow$ Ranking Histórico 1980-2020, Ranking Excelencia 2021, ponderación min-max, impacto bibliométrico4345"
17,leoncio_fernandez,analisis_gu,3,"##  FICHA TÉCNICA Y MARCO DE INVESTIGACIÓN

* **Autor:** Leoncio Fernández Jerí (Docente e Investigador de la Universidad Nacional Agraria La Molina - UNALM, Perú)[1].
* **Título del Artículo:** *""Análisis de la gestión universitaria en la universidad pública peruana""*[1].
* **Publicación / Evento:** Presentado en el *VIII Coloquio Internacional sobre Gestión Universitaria en América del Sur*, realizado en Paraguay en octubre del 2008[1].
* **Objeto de Estudio:** El diagnóstico de las estructuras de gobierno, los estilos de administración y los procesos operativos de las **Universidades Públicas Peruanas (UsPP)**, tomando como universo de estudio representativo a las tres universidades públicas más emblemáticas del país: la **Universidad Nacional Mayor de San Marcos (UNMSM)**, la **Universidad Nacional de Ingeniería (UNI)** y la **Universidad Nacional Agraria La Molina (UNALM)**[1][2].
* **Problema Principal de Investigación:** Las universidades públicas peruanas enfrentan una severa crisis de calidad, falta de competitividad y fragilidad institucional causada por la ausencia de un modelo de gestión moderno, eficiente y adaptado a las demandas de la sociedad del conocimiento [184–186].
* **Objetivos del Estudio:**
  1. *Objetivo General:* Analizar de forma crítica la gestión universitaria en las UsPP[3].
  2. *Objetivos Específicos:* Determinar cómo se ejerce la gestión universitaria actual; definir las estrategias y prioridades institucionales; y proponer un **modelo alternativo de gestión universitaria basado en la Administración de la Calidad Total (TQM -** **Total Quality Management** **)**[3].

---

## 2\. PROBLEMATIZACIÓN Y ANTECENTES CRÍTICOS SOBRE LA UNIVERSIDAD PÚBLICA

El estudio parte de un diagnóstico donde sostiene que las universidades públicas en el Perú operan en un entorno interno y externo altamente adverso[4]. A nivel externo, se evidencia la inacción del Estado y la falta de una política pública articulada que asuma a la educación superior como motor de desarrollo[4]. A nivel interno, predomina la ausencia de modelos estratégicos para la competitividad, presupuestos reducidos y bajas remuneraciones docentes[4][5].

```
                                  [ ENTORNOS DE LA UNIVERSIDAD PÚBLICA PERUANA ]
                                                        │
         ┌──────────────────────────────────────────────┴──────────────────────────────────────────────┐
         ▼                                                                                             ▼
  [ ENTORNOS EXTERNO ]                                                                           [ ENTORNO INTERNO ]
  - Inacción e indiferencia del Estado.                                                          - Ausencia de modelos de gestión eficientes.
  - Falta de políticas públicas de educación superior.                                           - Estructuras parlamentarias y burocratizadas.
  - Asignación presupuestal reducida.                                                            - ""Nadie controla a nadie"" (Distorsión de la autonomía).
  - Crecimiento acelerado de la oferta privada.                                                  - Bajas tasas de titulación e investigación (&lt;20%).

```

### Síntesis de Antecedentes y Críticas de Autores Clave

El autor realiza una revisión bibliográfica de las principales reflexiones y diagnósticos elaborados por exrectores e investigadores de la educación superior peruana[5][6]:

* **Otoniel Velasco / Claudio Sota (ex-Rector de la UNI):** Sota señala que la universidad pública se ha vuelto eufemísticamente *""ingobernable y no gestionable""*[6][7]. Describe a los máximos órganos colegiados (Asamblea Universitaria, Consejo Universitario y Consejo de Facultad) no como espacios de decisión técnica, sino como **""gimnasios de retórica, caros simulacros de plaza pública""** marcados por la confrontación y la parálisis[7].
* **Nemesio Espinoza (2005):** Diagnostica a la universidad pública en estado de *""decadencia y caos""*, llegando a plantear la necesidad de declararla en estado de emergencia nacional[8]. Sostiene que el modelo de administración y el perfil de los gerentes universitarios (rectores, decanos y jefes) constituyen el principal obstáculo para el cambio, siendo imperativo un nuevo tipo de administradores con competencias gerenciales[8].
* **Marcial Rubio Correa (ex-Vicerrector de la PUCP):** Argumenta que las universidades siguen gobernadas bajo un modelo tradicional que impide responder a las exigencias globales de **flexibilidad e interdisciplinariedad**[9][10]. Asimismo, denuncia el carácter excluyente del sistema, que margina a las poblaciones rurales e indígenas al no integrar la diversidad cultural en la oferta académica[10].
* **Manuel Burga Díaz (ex-Rector de la UNMSM):** Asocia la crisis de calidad al deterioro progresivo del presupuesto público y a la caída del salario docente a los niveles más bajos de América Latina, advirtiendo que la recuperación debe darse dentro de un programa integral de calidad de largo plazo[11][12].
* **Eduardo Ísmodes y Carlos Fosca (PUCP, 2007):** Sostienen que en el Perú se mantiene la idea anacrónica de que las universidades investigan y hacen proyección social cuando en la práctica **""sólo se han enfocado en la formación de egresados""**, con tasas de titulación e investigación inferiores al 20%[12][13]. Afirman que la mejor ley universitaria es aquella que obligue a adoptar sistemas de gestión basados en la mejora continua[13].
* **Jairo Cieza (2006):** Explica que la universidad pública pasó de ser un espacio elitista a uno democratizado pero con un marcado detrimento de la calidad académica[14].
* **Ramón Ramírez Erazo (UNMSM, 2005):** Sostiene que la administración sanmarquina padece un **modelo burocratizado con órganos de gobierno parlamentarios** e influencia del modelo departamentalista norteamericano de 1969, lo cual imposibilita una gerencia eficiente[15].

---

## 3\. BASES CONCEPTUALES: GESTIÓN Y CALIDAD TOTAL EN LA EDUCACIÓN

El trabajo deslinda las definiciones operativas que sustentan su propuesta metodológica:

* **Administración y Gestión (Fayol / Chiavenato):** Siguiendo la teoría clásica de Henry Fayol, se definen como los procesos interrelacionados de **planear, organizar, dirigir, evaluar y controlar**[16][17]. La esencia específica de la *gestión* radica en la **toma de decisiones estratégica** y el ejercicio del liderazgo centrado en las personas[16][18].
* **Gestión Universitaria:** Citando a Delgado de la Flor, se define como el aprendizaje institucional para **""gestionar el conocimiento, gestionar la enseñanza, gestionar las investigaciones y gestionar los exiguos recursos con eficiencia, honradez, oportunidad y creatividad""**[18]. Para Lolas (2006) y Brunner (2000), consiste en dotar a la institución de capacidades para liderar el cambio sin sacrificar la tradición académica[18][19].
* **Calidad Universitaria y Calidad Total (TQM):** La calidad es la condición sistémica que hace a la universidad apta para satisfacer de forma integral las necesidades de la sociedad en formación, investigación y proyección social[17]. El modelo **TQM (** **Total Quality Management** **)** asume que la calidad debe abarcar a todas las áreas, procesos y actores de la organización[17].

---

## 4\. DIAGNÓSTICO SEGÚN LAS FUNCIONES BÁSICAS DE LA ADMINISTRACIÓN (PODC)

El autor analiza el desempeño empírico de las universidades públicas peruanas a la luz del ciclo administrativo clásico: **Planificación, Organización, Dirección y Control**[20].

```
  ANÁLISIS DE LAS FUNCIONES ADMINISTRATIVAS EN LAS UNIVERSIDADES PÚBLICAS PERUANAS
  ┌─────────────────┬────────────────────────────────────────────────────────────────────────┐
  │ Función         │ Diagnóstico Empírico en las UsPP (UNMSM, UNI, UNALM)                  │
  ├─────────────────┼────────────────────────────────────────────────────────────────────────┤
  │ PLANIFICACIÓN   │ Misiones y visiones bien formuladas a nivel estratégico, pero con      │
  │                 │ una ruptura total en el nivel operativo (falta de POI y presupuesto).  │
  ├─────────────────┼────────────────────────────────────────────────────────────────────────┤
  │ ORGANIZACIÓN    │ Rigidez burocrática basada en la Ley 23733. Órganos de gobierno       │
  │                 │ hiperpolitizados y lentitud en la toma de decisiones.                  │
  ├─────────────────┼────────────────────────────────────────────────────────────────────────┤
  │ DIRECCIÓN       │ Estilos de liderazgo tradicionales/reactivos. Falta de competencias    │
  │                 │ gerenciales en autoridades elegidas por alianzas políticas.           │
  ├─────────────────┼────────────────────────────────────────────────────────────────────────┤
  │ CONTROL         │ Inexistente (""Nadie controla a nadie""). Uso distorsionado de la        │
  │                 │ ""autonomía"" y ""libertad de cátedra"" para evitar la rendición de cuentas│
  └─────────────────┴────────────────────────────────────────────────────────────────────────┘

```

### A. Marco Político-Institucional (Ley N.º 23733)

Bajo la Ley Universitaria 23733 (vigente al momento del estudio), el gobierno es ejercido por la Asamblea Universitaria, el Consejo Universitario, el Rector, el Consejo de Facultad y el Decano[21]. La elección del Rector (periodo de 5 años) y de los consejos/decanos (periodo de 3 años) responde a alianzas político-electorales internas que suelen condicionar la gestión técnica[21][22].

### B. Evaluación de las Cuatro Funciones Básicas

1. **Planificación (Brecha entre el Discurso Estratégico y la Operativa):**
  * *Análisis de Misión y Visión:* Las tres universidades analizadas (UNMSM, UNI y UNALM) poseen misiones y visiones declaradas que incluyen conceptos explícitos de *liderazgo, excelencia, competitividad e investigación*[22][23].
    * *UNMSM:* ""Comunidad formadora de profesionales competentes y de alto nivel académico...""[24].
    * *UNI:* ""Ser la Universidad rectora en la creación de ciencia, tecnología y arquitectura...""[24].
    * *UNALM:* ""Ser la institución líder e innovadora en el sector agrosilvopecuario y pesquero latinoamericano...""[25].
  * *Falla Operativa:* El planeamiento estratégico **no se implementa en la práctica**. Existe un divorcio entre los objetivos generales y las tareas cotidianas de las facultades y departamentos académicos debido a la falta de Planes Operativos Institucionales (POI) estructurados con presupuesto asignado[26].
2. **Organización (Burocratización e Inflexibilidad):**
  * Prevalecen estructuras departamentales rígidas y burocráticas[15][26]. La toma de decisiones está atomizada y supeditada a debates parlamentarios en los consejos, donde priman los intereses de grupo por encima de los criterios académicos[7][15].
3. **Dirección (Estilos de Liderazgo Inadecuados):**
  * Las autoridades universitarias carecen de formación gerencial específica[8][15]. El liderazgo ejercido es predominantemente reactivo y tradicional, en lugar de un **liderazgo transformador o de 360 grados** capaz de motivar e involucrar a la comunidad académica en la innovación[27][28].
4. **Control (La Falacia de la Autonomía sin Rendición de Cuentas):**
  * **El control de gestión es prácticamente inexistente**[27]. Fernández Jerí sintetiza esta situación en la frase: *""En la universidad pública peruana nadie controla a nadie""*[27].
  * Se denuncia un **mal uso y distorsión de la ""autonomía universitaria"" y la ""libertad de cátedra""**, utilizadas erróneamente como escudos para evitar la fiscalización, la evaluación del desempeño docente y la rendición de cuentas a la sociedad[27][29].

---

## 5\. PROPUESTA: MODELO DE ADMINISTRACIÓN DE LA CALIDAD TOTAL (TQM) PARA LAS UsPP

Como alternativa de solución estructural, el autor propone la adaptación e implementación del **Modelo de Administración de la Calidad Total (TQM -** **Total Quality Management** **)** en las universidades públicas peruanas[20][29].

### A. Justificación y Evidencia Empírica Internacional

El texto sostiene que, aunque el TQM nació en el sector empresarial, ha sido aplicado con éxito probado en universidades de Estados Unidos (Texas, Illinois, Michigan) y Europa (Anderson, Schofield, Harvey), demostrando que es posible adaptar sus principios al ámbito educativo[29][30].

### B. Adaptación de los 6 Procesos del Modelo TQM (Lewis, 1994)

El estudio desglosa la aplicación de los seis procesos fundamentales del TQM adaptados al contexto universitario público peruano [203, 336, 343–345]:

```
                                      [ MODELO TQM APLICADO A LAS UsPP ]
                                                      │
         ┌──────────────────┬─────────────────────────┼─────────────────────────┬──────────────────┐
         ▼                  ▼                         ▼                         ▼                  ▼
  1. Mejoramiento    2. Liderazgo            3. Cultura para           4. Desarrollo de     5. Enfoque a los
     de Calidad         de 360°                 la Calidad                Personal          Beneficiarios
  (Acreditación y    (Compromiso de           (Cambio de valores y     (Evaluación y perfil   (Estudiantes y
   estándares)        autoridades)             transparencia)           docente por área)      Sociedad)

```

1. **Proceso de Mejoramiento hacia la Calidad:** Establecimiento de sistemas de autoevaluación permanente orientados a la **acreditación académica** de carreras y facultades[28].
2. **Liderazgo para la Calidad:** Adopción de un **liderazgo de 360 grados**, donde docentes y estudiantes en posiciones intermedias puedan ejercer influencia e impulsar cambios en todas las direcciones (hacia arriba, abajo y a los costados)[28].
3. **Cultura Organizacional para la Calidad:** Transformación de la cultura institucional mediante la retroalimentación, la solidaridad, el fortalecimiento de los canales de comunicación y la transparencia administrativa[29][31].
4. **Desarrollo del Personal:** Reorganización de la gestión del talento humano. Implica redefinir los **perfiles del docente universitario** según el área del conocimiento, vincular los incentivos al desempeño académico y capacitar continuamente al personal administrativo[32].
5. **Participación de la Comunidad Académica y Trabajo en Equipo:** Creación de redes de trabajo interdisciplinarias entre facultades y departamentos, rompiendo el aislamiento de las cátedras[31][32].
6. **Enfoque a los Beneficiarios (Satisfacción de la Sociedad):** Alineación de la oferta educativa e investigación con las necesidades reales de los usuarios y beneficiarios: los **estudiantes** (beneficiarios directos) y la **sociedad / sector productivo** (beneficiarios indirectos)[31][32].

---

## 6\. CONCLUSIONES Y MATRIZ DE CODIFICACIÓN PARA ANÁLISIS COMPUTACIONAL

### A. Conclusiones Principales del Autor

1. **Necesidad de un Nuevo Modelo:** Se confirma la urgente necesidad de sustituir el modelo burocrático-parlamentario de la universidad pública peruana por un modelo gerencial orientado a resultados[33][34].
2. **Ruptura Operativa:** El análisis estratégico evidencia que, aunque existen misiones y visiones orientadas a la excelencia, estas fracasan por la falta de implementación operativa, presupuesto por objetivos y mecanismos de control[33][34].
3. **Viabilidad del TQM:** El modelo de Calidad Total (TQM) constituye la herramienta idónea para reordenar los procesos universitarios, adecuar la cultura organizacional y elevar la competitividad de las UsPP frente al avance del sector privado[34].

---

### B. Matriz de Descriptores y Variables para Análisis de Texto (NLP / Qualitative Data)

Para integrar este documento en tu base de datos de procesamiento de lenguaje natural o análisis cualitativo comparado, se sugiere la siguiente estructura de nodos y códigos:

| Nódulo Temático / Código                 | Conceptos Clave y Descriptores Asociados en el Texto                                                                      |
| ---------------------------------------- | ------------------------------------------------------------------------------------------------------------------------- |
| `[Gestion_Universitaria_UsPP]`           | Funciones Fayol (PODC), burocracia parlamentaria, Ley 23733, incapacidad gerencial de autoridades[7].                   |
| `[Critica_Gobernabilidad_Sota_Espinoza]` | ""Gimnasios de retórica"", parálisis institucional, estado de emergencia, decadencia, ""nadie controla a nadie""[7].        |
| `[Distorsion_Autonomia_y_Control]`       | Mal uso de la autonomía y libertad de cátedra, falta de rendición de cuentas, ausencia de control de gestión[27][29]. |
| `[Diagnostico_PODC_Publica]`             | Divorcio estratégico-operativo, misiones no ejecutadas, falta de POI, ausencia de indicadores de desempeño[26][27].   |
| `[Modelo_TQM_Lewis]`                     | Total Quality Management, mejoramiento continuo, liderazgo 360°, desarrollo de personal, enfoque a beneficiarios[28].   |
| `[Desempeno_y_Titulacion_Ismodes]`       | Foco exclusivo en egresados, tasas de titulación e investigación &lt;20%, necesidad de acreditación[12][13].             |"